dataset_id	h5ad_path	readable	file_bytes	n_cells	n_genes	observed_species	proposed_species	species_status	accession	observed_tissue	proposed_tissue	tissue_status	unknown_cells	unknown_fraction	expression_class	storage_kind	expression_dtype	source_expression_path	source_annotation_path	source_expression_sha256	source_annotation_sha256	schema_version
Arabidopsis thaliana_CNP0002469	Arabidopsis thaliana_CNP0002469.h5ad	True	260551706	69520	19242	Arabidopsis thaliana	Arabidopsis thaliana	recorded	CNP0002469	not explicitly recorded		missing	1554	0.022353279631760644	nonnegative_integer_unverified	csr	int64	Arabidopsis thaliana_CNP0002469.csv	Arabidopsis thaliana_CNP0002469.anno.csv	212940f8dc72a797869bf2b30852e1573dcad1465c79613b4352d5765e8d169c	b44f2e893dc17352c808e2270bb3c14869e95c6ec63b04221e42947f4fe56b2e	1.0.0
Arabidopsis thaliana_CNP0004389	Arabidopsis thaliana_CNP0004389.h5ad	True	1144209428	102713	25416	Arabidopsis thaliana	Arabidopsis thaliana	recorded	CNP0004389	not explicitly recorded		missing	42378	0.41258652750868924	nonnegative_integer_unverified	csr	int64	Arabidopsis thaliana_CNP0004389.csv	Arabidopsis thaliana_CNP0004389.anno.csv	15a327dfd79dde8eaf2153d28846d9063633612c7a0fa13b90c8d200131350db	01ed111cb6c0caf566b46cfc48b2a9639c7a61d446b04cf6b950b6d641fc66ca	1.0.0
Arabidopsis thaliana_EMTAB11006	Arabidopsis thaliana_EMTAB11006.h5ad	True	23374442	1560	3552	Arabidopsis thaliana	Arabidopsis thaliana	recorded	E-MTAB-11006	not explicitly recorded		missing	0	0.0	scaled_continuous	dense	float32	Arabidopsis thaliana_EMTAB11006.csv	Arabidopsis thaliana_EMTAB11006.anno.csv	60a179f2b628c8a503bd0e3a033d6afc4b2aece9d237a5388efd9071b3988fd6	bdc6493acac503b7e79a3227d8fc795304aed6dda9e9b0879d3da33a12ce9a59	1.0.0
Arabidopsis thaliana_EMTAB12532	Arabidopsis thaliana_EMTAB12532.h5ad	True	126256226	13957	22799	Arabidopsis thaliana	Arabidopsis thaliana	recorded	E-MTAB-12532	not explicitly recorded		missing	2654	0.1901554775381529	nonnegative_integer_unverified	csr	int64	Arabidopsis thaliana_EMTAB12532.csv	Arabidopsis thaliana_EMTAB12532.anno.csv	5bea81aa4b3d5e140e28520a109bbf40299999f087adfe797721d0ad80eb7778	ee8f1e637d0c59a1491e697af352c95121c05a947125bc9b6f24ef62c7496ef9	1.0.0
Arabidopsis thaliana_EMTAB9174	Arabidopsis thaliana_EMTAB9174.h5ad	True	5075530	1348	2000	Arabidopsis thaliana	Arabidopsis thaliana	recorded	E-MTAB-9174	not explicitly recorded in source; annotation labels include flower meristem and anther		recorded	28	0.020771513353115726	scaled_continuous	dense	float32	Arabidopsis thaliana_EMTAB9174.csv	Arabidopsis thaliana_EMTAB9174.anno.csv	8eb6dfc73a10bd54512d88ae0de03db549ed1dd02c675c904009a96a6784e106	8628cc6ce7ad97fb875f69ff835331e8aaac009049db69a7a3a99b00e0a8cc46	1.0.0
Arabidopsis thaliana_PRJCA003094	Arabidopsis thaliana_PRJCA003094.h5ad	True	596974377	35199	34220	Arabidopsis thaliana	Arabidopsis thaliana	recorded	PRJCA003094	not explicitly recorded		missing	4474	0.12710588368987755	nonnegative_integer_unverified	csr	int64	Arabidopsis thaliana_PRJCA003094.csv	Arabidopsis thaliana_PRJCA003094.anno.csv	c8d90aeb2cbc9307e87d707df4fa2ee684d5bc4bb38ac76e8eaf78d845116707	79ecd7b76c9b8d7d10c81eb37b5ecd1b93c22398e37c04ec23996e5c488c45e3	1.0.0
Arabidopsis thaliana_PRJCA016521_Root	Arabidopsis thaliana_PRJCA016521_Root.h5ad	True	626222871	54273	24756	Arabidopsis thaliana	Arabidopsis thaliana	recorded	PRJCA016521	root	root	recorded	10933	0.20144454885486338	nonnegative_integer_unverified	csr	int64	Arabidopsis thaliana_PRJCA016521_Root.csv	Arabidopsis thaliana_PRJCA016521_Root.anno.csv	b98861921a7d3efd208b69271274acd9bb828e287e2003bfaddcba5b3bea68ba	8b924a9e375ea3a2dca5f4ea0d68e73e31fe1f87d1c1d231afbbe933d0d845d2	1.0.0
Arabidopsis thaliana_PRJCA016521_Shoot	Arabidopsis thaliana_PRJCA016521_Shoot.h5ad	True	261590044	35503	24669	Arabidopsis thaliana	Arabidopsis thaliana	recorded	PRJCA016521	shoot	shoot	recorded	7956	0.22409373855730502	nonnegative_integer_unverified	csr	int64	Arabidopsis thaliana_PRJCA016521_Shoot.csv	Arabidopsis thaliana_PRJCA016521_Shoot.anno.csv	c8a21cf996af52b3664e46f6755f85b28199c20f6c6dfa32b99c73e09bfc455b	892eab5ad576f0cd3a451ad9105863b557a91344c591f4ae1f5e3c04ea4aed9c	1.0.0
Arabidopsis thaliana_PRJCA021408_Root	Arabidopsis thaliana_PRJCA021408_Root.h5ad	True	103182892	21616	25102	Arabidopsis thaliana	Arabidopsis thaliana	recorded	PRJCA021408	root	root	recorded	3813	0.17639711324944485	nonnegative_integer_unverified	csr	int64	Arabidopsis thaliana_PRJCA021408_Root.csv	Arabidopsis thaliana_PRJCA021408_Root.anno.csv	8ba4634fca861e661ad3bc4ef0b9d6faa8839cb5a45b915d90d28b7c3b796698	680c2896847d0c524dbe4e771098e35f2398a3e39f67498e9fa51610341ccbc3	1.0.0
Arabidopsis thaliana_PRJCA021408_Shoot	Arabidopsis thaliana_PRJCA021408_Shoot.h5ad	True	287900385	68134	25102	Arabidopsis thaliana	Arabidopsis thaliana	recorded	PRJCA021408	shoot	shoot	recorded	26156	0.3838905685854346	nonnegative_integer_unverified	csr	int64	Arabidopsis thaliana_PRJCA021408_Shoot.csv	Arabidopsis thaliana_PRJCA021408_Shoot.anno.csv	560edabc7cb395bf713493016fde443f73db3e45c25322125e707336ea2a9e10	e270a2f93999b4292aec6974c95c2bcd30d23d3d89f95a6b29e5314d628e5e4c	1.0.0
Arabidopsis thaliana_PRJDB14071	Arabidopsis thaliana_PRJDB14071.h5ad	True	73713057	18280	19051	not explicitly recorded	Arabidopsis thaliana	candidate_from_dataset_id	not explicitly recorded	not explicitly recorded		missing	12006	0.6567833698030635	normalized_nonnegative_continuous	csr	float32	Arabidopsis thaliana_PRJDB14071.csv	Arabidopsis thaliana_PRJDB14071.anno.csv	9229e998688eb1d24be39e23de73ea2ac42729d3b002861953fb206f2bf868d5	8eefdbb75f594f1a2a068f99b39f4c11bb2f58cbe19164560ce2c8e7637bec79	1.0.0
Arabidopsis thaliana_PRJEB47924	Arabidopsis thaliana_PRJEB47924.h5ad	True	29808371	2286	19120	Arabidopsis thaliana	Arabidopsis thaliana	recorded	PRJEB47924	not explicitly recorded		missing	1565	0.6846019247594051	nonnegative_integer_unverified	csr	int64	Arabidopsis thaliana_PRJEB47924.csv	Arabidopsis thaliana_PRJEB47924.anno.csv	d63eeb29c9dca56f4bbb8b6c13b8d38ef420805f4f58f90b278889cf4a5ed46b	ec245dff31219ea342e291dea121733528d675c4cf95fa1292f4b7acdb1533d3	1.0.0
Arabidopsis thaliana_PRJEB61052	Arabidopsis thaliana_PRJEB61052.h5ad	True	1412012811	54066	6466	Arabidopsis thaliana	Arabidopsis thaliana	recorded	PRJEB61052	not explicitly recorded		missing	32902	0.6085525098953132	scaled_continuous	dense	float32	Arabidopsis thaliana_PRJEB61052.csv	Arabidopsis thaliana_PRJEB61052.anno.csv	cbccac1d86d38b890db09f3cabcfc7c1f12a1c9f976bec16242232e8e8ed3bb7	7b705dc9de199355fb778ccb04fafa1673e73f701a167923bc1a2480018b1365	1.0.0
Arabidopsis thaliana_PRJNA471914	Arabidopsis thaliana_PRJNA471914.h5ad	True	110164303	5045	5312	Arabidopsis thaliana	Arabidopsis thaliana	recorded	PRJNA471914	not explicitly recorded		missing	841	0.16669970267591674	scaled_continuous	dense	float32	Arabidopsis thaliana_PRJNA471914.csv	Arabidopsis thaliana_PRJNA471914.anno.csv	bf7afd1b7d5cf6289b79a52261edf1eaaa93828a36e7bb6e1451a6aca6fd55e9	84c4860b741543f088f276a2f2a42fea92a2b9d8c97321df444fbfdb03fd24c2	1.0.0
Arabidopsis thaliana_PRJNA497883	Arabidopsis thaliana_PRJNA497883.h5ad	True	251041014	15869	3851	Arabidopsis thaliana	Arabidopsis thaliana	recorded	PRJNA497883	not explicitly recorded		missing	0	0.0	scaled_continuous	dense	float32	Arabidopsis thaliana_PRJNA497883.csv	Arabidopsis thaliana_PRJNA497883.anno.csv	1e891fe8269f68890f4b24e726a6bccca92fe127ebc7a759f8c5ee0b420693bf	22c00f43ad00912a07d4b1a06dff9ece516f872939e7117dffd6a3708a366338	1.0.0
Arabidopsis thaliana_PRJNA506007	Arabidopsis thaliana_PRJNA506007.h5ad	True	426526678	15843	6635	Arabidopsis thaliana	Arabidopsis thaliana	recorded	PRJNA506007	not explicitly recorded		missing	0	0.0	scaled_continuous	dense	float32	Arabidopsis thaliana_PRJNA506007.csv	Arabidopsis thaliana_PRJNA506007.anno.csv	00e7bd1bc996974b22f0d17989e2bf861e6ef2fd515d6cb660d4e2a994935765	4dc94fd5dabf9fc880615e62b954bddb08a140ef27f62904ba0b4be5a8abe459	1.0.0
Arabidopsis thaliana_PRJNA507252	Arabidopsis thaliana_PRJNA507252.h5ad	True	301246820	17537	4214	Arabidopsis thaliana	Arabidopsis thaliana	recorded	PRJNA507252	not explicitly recorded		missing	0	0.0	scaled_continuous	dense	float32	Arabidopsis thaliana_PRJNA507252.csv	Arabidopsis thaliana_PRJNA507252.anno.csv	60689416f1a70c29cb243a1afc339e452b957c4326163e347d00e25ab03ea0b4	cd34477c0b02b2401c16ce5a46e840c0c566b72797aa971a23c96e892b15ec1f	1.0.0
Arabidopsis thaliana_PRJNA509920	Arabidopsis thaliana_PRJNA509920.h5ad	True	111900696	9928	23898	Arabidopsis thaliana	Arabidopsis thaliana	recorded	PRJNA509920	not explicitly recorded		missing	0	0.0	nonnegative_integer_unverified	csr	int64	Arabidopsis thaliana_PRJNA509920.csv	Arabidopsis thaliana_PRJNA509920.anno.csv	6bc018f5188ddf005259e4c2969289bc788a4b70bb33f43f72109b69367ae3ca	f76f4518101c6d7db558040931370b831fa113785ed8d703693c6b9602d63a2b	1.0.0
Arabidopsis thaliana_PRJNA517021	Arabidopsis thaliana_PRJNA517021.h5ad	True	43628466	12674	2000	Arabidopsis thaliana	Arabidopsis thaliana	recorded	PRJNA517021	not explicitly recorded		missing	0	0.0	scaled_continuous	dense	float32	Arabidopsis thaliana_PRJNA517021.csv	Arabidopsis thaliana_PRJNA517021.anno.csv	95cc0c16373c37c79981951ed854875a33cba26a5d24344713fc349d14ae7da8	f3157e3e8d5e831b0d152465779afa717dfb9a4b5dd552dfa6679752eeb98b04	1.0.0
Arabidopsis thaliana_PRJNA551314	Arabidopsis thaliana_PRJNA551314.h5ad	True	41653290	777	35858	Arabidopsis thaliana	Arabidopsis thaliana	recorded	PRJNA551314	not explicitly recorded		missing	227	0.29214929214929214	normalized_nonnegative_continuous	csr	float32	Arabidopsis thaliana_PRJNA551314.csv	Arabidopsis thaliana_PRJNA551314.anno.csv	5541fd69fff14cc1463ec4a186ca47173cc1ae153babbfb2d22c53731ea191ce	16f55da4364a85e0c665ee8ccd4c737ad5472ad22acb49ed33cdb3e3482e0c15	1.0.0
Arabidopsis thaliana_PRJNA577177	Arabidopsis thaliana_PRJNA577177.h5ad	True	209314991	12492	22368	Arabidopsis thaliana	Arabidopsis thaliana	recorded	PRJNA577177	not explicitly recorded		missing	1815	0.1452929875120077	normalized_nonnegative_continuous	csr	float32	Arabidopsis thaliana_PRJNA577177.csv	Arabidopsis thaliana_PRJNA577177.anno.csv	b640e18823e55dcf8326189559af4aa6d463a45b3af3fdfd02246c66123d24ec	bd1e7a0ac84abc8a2f24d4a15311e68f33398da945ef069ecc0a37905c849477	1.0.0
Arabidopsis thaliana_PRJNA594539	Arabidopsis thaliana_PRJNA594539.h5ad	True	316617452	15930	24027	Arabidopsis thaliana	Arabidopsis thaliana	recorded	PRJNA594539	not explicitly recorded		missing	0	0.0	nonnegative_integer_unverified	csr	int64	Arabidopsis thaliana_PRJNA594539.csv	Arabidopsis thaliana_PRJNA594539.anno.csv	537a3a2d66c5b1bb385fd2ca6411b99dea533645eb2651df238108579cc05ce2	7ffeb5ce96d7f067af07f3dd2339ca5ffccf6457c643d56ae20cc7be170afe2e	1.0.0
Arabidopsis thaliana_PRJNA605594	Arabidopsis thaliana_PRJNA605594.h5ad	True	867681837	53461	3969	Arabidopsis thaliana	Arabidopsis thaliana	recorded	PRJNA605594	not explicitly recorded		missing	17091	0.31969098969342136	scaled_continuous	dense	float32	Arabidopsis thaliana_PRJNA605594.csv	Arabidopsis thaliana_PRJNA605594.anno.csv	c2ce6d4267ca32fbfb19aa296ddd51c93e1870a223ea9c06d30f76fe1fc30daa	7886cc894700ce70b4b6177445aca02d1854266a9c83e982cd69ecbdc9f3531d	1.0.0
Arabidopsis thaliana_PRJNA613684	Arabidopsis thaliana_PRJNA613684.h5ad	True	156082073	16324	22124	Arabidopsis thaliana	Arabidopsis thaliana	recorded	PRJNA613684	not explicitly recorded		missing	4816	0.2950257289879931	nonnegative_integer_unverified	csr	int64	Arabidopsis thaliana_PRJNA613684.csv	Arabidopsis thaliana_PRJNA613684.anno.csv	139ce7239d9208b474a1e853ba1c280e349ed432cdb0d57f12b7da7337f4f499	8419d59c91135eaf06586e202062ebce425aa6319f31a73cf1759b228494305c	1.0.0
Arabidopsis thaliana_PRJNA640389	Arabidopsis thaliana_PRJNA640389.h5ad	True	8179201665	110427	17513	Arabidopsis thaliana	Arabidopsis thaliana	recorded	PRJNA640389	not explicitly recorded		missing	0	0.0	scaled_continuous	dense	float32	Arabidopsis thaliana_PRJNA640389.csv	Arabidopsis thaliana_PRJNA640389.anno.csv	4b12fedc90b1b48e8f9ddb63a0c6ceb8d6ec508ea96f070b8968e68a16c0e67a	07f9999c49eb8fc6c71afa11ef72fd3d3329134a8774c8e82956f637589d7eb0	1.0.0
Arabidopsis thaliana_PRJNA648028	Arabidopsis thaliana_PRJNA648028.h5ad	True	501313889	25398	4870	Arabidopsis thaliana	Arabidopsis thaliana	recorded	PRJNA648028	not explicitly recorded		missing	25398	1.0	scaled_continuous	dense	float32	Arabidopsis thaliana_PRJNA648028.csv	Arabidopsis thaliana_PRJNA648028.anno.csv	b3b07e3b26efd0d2df6ef618e249c749b6deae16837870367514a5aa6b9e09a1	0f31bb40568d12fc04757da3f77b7664af163e09b9985ba67dc1b9f8d06810e5	1.0.0
Arabidopsis thaliana_PRJNA649267	Arabidopsis thaliana_PRJNA649267.h5ad	True	86354164	10990	23260	Arabidopsis thaliana	Arabidopsis thaliana	recorded	PRJNA649267	not explicitly recorded		missing	0	0.0	nonnegative_integer_unverified	csr	int64	Arabidopsis thaliana_PRJNA649267.csv	Arabidopsis thaliana_PRJNA649267.anno.csv	6b98202092a0efeeb6e9566970818fad0a6a20c9de81f609f6611cabce76b630	01ed8a8bd04fc49f6aacc3c2f30faa993ecf5338d7432845b75a743b5873098d	1.0.0
Arabidopsis thaliana_PRJNA659737	Arabidopsis thaliana_PRJNA659737.h5ad	True	312583347	5710	23206	Arabidopsis thaliana	Arabidopsis thaliana	recorded	PRJNA659737	not explicitly recorded		missing	366	0.06409807355516638	scaled_continuous	dense	float32	Arabidopsis thaliana_PRJNA659737.csv	Arabidopsis thaliana_PRJNA659737.anno.csv	6c57dc43c10c9b5376ce2211100d3c8f02c082e1aff34cffe20954a2efd3013b	dccd70bd3c5d29995368870557620239e2fa5babb2ba708bb58b873196f7ae3e	1.0.0
Arabidopsis thaliana_PRJNA664874	Arabidopsis thaliana_PRJNA664874.h5ad	True	41004349	1274	19089	Arabidopsis thaliana	Arabidopsis thaliana	recorded	PRJNA664874	not explicitly recorded		missing	602	0.4725274725274725	scaled_continuous	dense	float32	Arabidopsis thaliana_PRJNA664874.csv	Arabidopsis thaliana_PRJNA664874.anno.csv	7788275e38572a1e79047d5e24ff18276ef81e4f1aa33069d7efe84570235dac	19bd114dec6034770d9c3021029978ce759d0139986bc3661415190e37644384	1.0.0
Arabidopsis thaliana_PRJNA666436	Arabidopsis thaliana_PRJNA666436.h5ad	True	118038016	18859	21262	Arabidopsis thaliana	Arabidopsis thaliana	recorded	PRJNA666436	not explicitly recorded		missing	0	0.0	nonnegative_integer_unverified	csr	int64	Arabidopsis thaliana_PRJNA666436.csv	Arabidopsis thaliana_PRJNA666436.anno.csv	a25d90a9203bfce764f00416068f0ba57386b7ffdac96d3b8427fd5b2a050c5f	4d488c29a75f03f8cb25e637c1bc05a400186aa43e456da2de71f7dd59b14f6e	1.0.0
Arabidopsis thaliana_PRJNA678377	Arabidopsis thaliana_PRJNA678377.h5ad	True	72215532	5328	3265	Arabidopsis thaliana	Arabidopsis thaliana	recorded	PRJNA678377	not explicitly recorded		missing	0	0.0	scaled_continuous	dense	float32	Arabidopsis thaliana_PRJNA678377.csv	Arabidopsis thaliana_PRJNA678377.anno.csv	9185614a66d8fe73c783d8a356e31f736ee4cc2b8b772b8c09f2b03373473634	8da4619f556e935a8a8a8443e772553953da7129650edce453b8d4ca424c6ce4	1.0.0
Arabidopsis thaliana_PRJNA680241	Arabidopsis thaliana_PRJNA680241.h5ad	True	10594766	345	24151	Arabidopsis thaliana	Arabidopsis thaliana	recorded	PRJNA680241	lateral root		recorded	210	0.6086956521739131	normalized_nonnegative_continuous	csr	float32	Arabidopsis thaliana_PRJNA680241.csv	Arabidopsis thaliana_PRJNA680241.anno.csv	b96065f29b50491aea6623d8c593ae69dd134ff3c14953d626ab141c09b0d4e0	8e2a9d741ca833454f084971e7b02ba8211ac2e3ac5a88ff96d9731dc340f966	1.0.0
Arabidopsis thaliana_PRJNA703045	Arabidopsis thaliana_PRJNA703045.h5ad	True	86547673	17586	22323	Arabidopsis thaliana	Arabidopsis thaliana	recorded	PRJNA703045	not explicitly recorded		missing	11113	0.6319231206641647	nonnegative_integer_unverified	csr	int64	Arabidopsis thaliana_PRJNA703045.csv	Arabidopsis thaliana_PRJNA703045.anno.csv	68659a8eed68a6081e25b5dbeae87ede3206f19f50becaa4ce441814112df980	d3adc1221b2293332fc5cab85dba16f708da92db0bfbac05d6ed3fb3fac7d5ae	1.0.0
Arabidopsis thaliana_PRJNA716169	Arabidopsis thaliana_PRJNA716169.h5ad	True	2840201	633	2000	Arabidopsis thaliana	Arabidopsis thaliana	recorded	PRJNA716169	not explicitly recorded in source; annotation labels include root and shoot meristem initials		recorded	214	0.3380726698262243	scaled_continuous	dense	float32	Arabidopsis thaliana_PRJNA716169.csv	Arabidopsis thaliana_PRJNA716169.anno.csv	1b0eec626141ed5b4dbee6fb01616d263f0db963bbb850ab7ffb17ac590fffd5	2e9a12c6762ec579df4bf61a8e3d19f8eb339d1cf728c2bc1237593a67e5ebe5	1.0.0
Arabidopsis thaliana_PRJNA730707	Arabidopsis thaliana_PRJNA730707.h5ad	True	78297163	13384	20964	Arabidopsis thaliana	Arabidopsis thaliana	recorded	PRJNA730707	not explicitly recorded		missing	699	0.05222653915122535	nonnegative_integer_unverified	csr	int64	Arabidopsis thaliana_PRJNA730707.csv	Arabidopsis thaliana_PRJNA730707.anno.csv	772f22a6fe02fed0d192a216a3c1bd3084de6eef7933c43031cfb33e9d284e3f	36a56938fdefe29a23a22d94005baa5b650c7ebc39b14b987d02b55d8829192a	1.0.0
Arabidopsis thaliana_PRJNA742744	Arabidopsis thaliana_PRJNA742744.h5ad	True	68924725	13057	23548	Arabidopsis thaliana	Arabidopsis thaliana	recorded	PRJNA742744	not explicitly recorded		missing	7754	0.5938577008501187	nonnegative_integer_unverified	csr	int64	Arabidopsis thaliana_PRJNA742744.csv	Arabidopsis thaliana_PRJNA742744.anno.csv	ca0a52864bf966c883e1922fcb741ca601870657f5c0545b23dbe1cf52da7165	7901c23938e28b9c8dc37301b7f1367f06bf4a12547d385e77fe1df0bb19c9ea	1.0.0
Arabidopsis thaliana_PRJNA745175	Arabidopsis thaliana_PRJNA745175.h5ad	True	28167531	8159	2000	Arabidopsis thaliana	Arabidopsis thaliana	recorded	PRJNA745175	not explicitly recorded		missing	0	0.0	scaled_continuous	dense	float32	Arabidopsis thaliana_PRJNA745175.csv	Arabidopsis thaliana_PRJNA745175.anno.csv	f3f32a489167d720b17e95472241f1f14651c35b1e9afa92929f42965b4786ce	b74df459a9db7acfb95e629124b5e4d7ba088d9c589c21810b41eb428c283e6a	1.0.0
Arabidopsis thaliana_PRJNA750934	Arabidopsis thaliana_PRJNA750934.h5ad	True	273330580	17165	25842	Arabidopsis thaliana	Arabidopsis thaliana	recorded	PRJNA750934	not explicitly recorded		missing	0	0.0	nonnegative_integer_unverified	csr	int64	Arabidopsis thaliana_PRJNA750934.csv	Arabidopsis thaliana_PRJNA750934.anno.csv	ac7ba3f130ade2de5c7beb39fb6a94e083d19a34b08c1243ac593b14dbb98810	b849c05f9c149fe232977ece498ef4ffa0661c8afaeade5f7af671e0fe23701c	1.0.0
Arabidopsis thaliana_PRJNA754157	Arabidopsis thaliana_PRJNA754157.h5ad	True	182669873	10700	4174	Arabidopsis thaliana	Arabidopsis thaliana	recorded	PRJNA754157	not explicitly recorded		missing	472	0.04411214953271028	scaled_continuous	dense	float32	Arabidopsis thaliana_PRJNA754157.csv	Arabidopsis thaliana_PRJNA754157.anno.csv	74f1fa59c8606e77058c864b40f3035dfb478bf07c4a7cc317150587eda9670b	21358a432bac55a1d0879deb18efbf3daeee9477145e07327d7e91cd1cdb047b	1.0.0
Arabidopsis thaliana_PRJNA764868	Arabidopsis thaliana_PRJNA764868.h5ad	True	1227250440	29883	22965	Arabidopsis thaliana	Arabidopsis thaliana	recorded	PRJNA764868	not explicitly recorded		missing	6778	0.22681792323394573	scaled_continuous	dense	float32	Arabidopsis thaliana_PRJNA764868.csv	Arabidopsis thaliana_PRJNA764868.anno.csv	8b056520e808133ea2c8b1dac973f1bf26cb339b5200416ae9c30d157ace8d3b	a901c3de1fe723662770af96900248463ce9ca3cb2f99462cf55e3335654f485	1.0.0
Arabidopsis thaliana_PRJNA796288	Arabidopsis thaliana_PRJNA796288.h5ad	True	417389743	36093	24113	Arabidopsis thaliana	Arabidopsis thaliana	recorded	PRJNA796288	not explicitly recorded		missing	12337	0.34181143157953064	nonnegative_integer_unverified	csr	int64	Arabidopsis thaliana_PRJNA796288.csv	Arabidopsis thaliana_PRJNA796288.anno.csv	d6e3fa33290942eff33fc0c4454b61ff7c6e8d4a766a8cb601180999044ee6e4	98c98091913edba13bbd1a96783318e04025a8610b13e913ebdfed4ff71f3b43	1.0.0
Arabidopsis thaliana_PRJNA814870	Arabidopsis thaliana_PRJNA814870.h5ad	True	2617543423	149174	4317	Arabidopsis thaliana	Arabidopsis thaliana	recorded	PRJNA814870	not explicitly recorded		missing	89230	0.5981605373590572	scaled_continuous	dense	float32	Arabidopsis thaliana_PRJNA814870.csv	Arabidopsis thaliana_PRJNA814870.anno.csv	a24495ee518d8aa756c552955b17947bc23071e5b6ef91452ecc749f330e83b4	f2ff015de72bcf1560f11c313bd041bd87937e5d37eedde8ff3375b7eff99ab3	1.0.0
Arabidopsis thaliana_PRJNA835893	Arabidopsis thaliana_PRJNA835893.h5ad	True	1994517649	102921	4768	Arabidopsis thaliana	Arabidopsis thaliana	recorded	PRJNA835893	not explicitly recorded		missing	24633	0.2393389104264436	scaled_continuous	dense	float32	Arabidopsis thaliana_PRJNA835893.csv	Arabidopsis thaliana_PRJNA835893.anno.csv	231b29f63240fb09ac4abe922977aca60403f6f5b4cc690e4b46541537a2fb29	e671b41acc49f6596435c5577a097a4b6afd6d71e4c78b24a25618780c8f86b4	1.0.0
Arabidopsis thaliana_PRJNA857332	Arabidopsis thaliana_PRJNA857332.h5ad	True	389742467	38504	23453	Arabidopsis thaliana	Arabidopsis thaliana	recorded	PRJNA857332	not explicitly recorded		missing	24301	0.6311292333264077	nonnegative_integer_unverified	csr	int64	Arabidopsis thaliana_PRJNA857332.csv	Arabidopsis thaliana_PRJNA857332.anno.csv	b6916c0523be4d64472cc38920effc49854c7c383cb97ba3b92acece8945cb9d	cc7c3437c7587eff2a62bf26d69c79ff4eb84db27249f8ae572d8778adb460a8	1.0.0
Arabidopsis thaliana_PRJNA881949	Arabidopsis thaliana_PRJNA881949.h5ad	True	261647104	21339	21246	Arabidopsis thaliana	Arabidopsis thaliana	recorded	PRJNA881949	not explicitly recorded		missing	9317	0.43661839823796805	nonnegative_integer_unverified	csr	int64	Arabidopsis thaliana_PRJNA881949.csv	Arabidopsis thaliana_PRJNA881949.anno.csv	1b82a17fab923b03851845f7ea0c58982c20d2859dc80041bccf7387376c3202	a955d6a73be2b485f9ee7f72ee855d3f429ed2aae1cfc49cc90040075cb21664	1.0.0
Arabidopsis thaliana_PRJNA941845	Arabidopsis thaliana_PRJNA941845.h5ad	True	1532582220	57462	6603	Arabidopsis thaliana	Arabidopsis thaliana	recorded	PRJNA941845	not explicitly recorded		missing	34821	0.6059830844732171	scaled_continuous	dense	float32	Arabidopsis thaliana_PRJNA941845.csv	Arabidopsis thaliana_PRJNA941845.anno.csv	ec63c18db7eeb9223234a000ef38ccaae8f70e0a11d5fbaadba6246f818cd104	d0643e12aa79ca20b10953d004e608f19b9b4e7226eee52121e1b1413003c70a	1.0.0
Arabidopsis thaliana_PRJNA945828	Arabidopsis thaliana_PRJNA945828.h5ad	True	278574842	3788	26077	Arabidopsis thaliana	Arabidopsis thaliana	recorded	PRJNA945828	not explicitly recorded		missing	2976	0.7856388595564942	scaled_continuous	dense	float32	Arabidopsis thaliana_PRJNA945828.csv	Arabidopsis thaliana_PRJNA945828.anno.csv	63395e0709536f4d7602aa5d592cd1fa7344a694fe9b4b5d695a5f50832b499b	01194a263159a9083fee54aff7dcc1651b4a35d13b58822172b42d9f8441673f	1.0.0
Arabidopsis thaliana_PRJNA995336	Arabidopsis thaliana_PRJNA995336.h5ad	True	739645573	38379	4748	Arabidopsis thaliana	Arabidopsis thaliana	recorded	PRJNA995336	not explicitly recorded		missing	24406	0.635920685791709	scaled_continuous	dense	float32	Arabidopsis thaliana_PRJNA995336.csv	Arabidopsis thaliana_PRJNA995336.anno.csv	ebcc4cb1cc246a664bc6e1646d794236ce8f141581f5e15b654f9968f512b2b4	1508bfd762e18d801a240c6869531523ac2c3921f86efad8b0b56b288b2a90f0	1.0.0
Bombax ceiba_PRJNA850395	Bombax ceiba_PRJNA850395.h5ad	True	720633657	13158	35388	Bombax ceiba	Bombax ceiba	recorded	PRJNA850395	not explicitly recorded		missing	11662	0.8863049095607235	scaled_continuous	dense	float32	Bombax ceiba_PRJNA850395.csv	Bombax ceiba_PRJNA850395.anno.csv	2cd4a479337c7f4d044ed8703ea36f58cca6cf0b858c2fb6767fd511aae4ed29	eecd86e3656565f60f00dc1522150487ba8560f31af0f731d6c165da381419dd	1.0.0
Brassica rapa_PRJCA009630	Brassica rapa_PRJCA009630.h5ad	True	349302816	22021	3861	Brassica rapa	Brassica rapa	recorded	PRJCA009630	not explicitly recorded		missing	7268	0.33004858998228964	scaled_continuous	dense	float32	Brassica rapa_PRJCA009630.csv	Brassica rapa_PRJCA009630.anno.csv	698b705279aee5978ef6a922a2fc94fe8e80c4cc5950a865739f9e73150fa9ee	ec536d68e0af395595b6290038e53255f5480fb1446b018f63873de2e09ece0f	1.0.0
Catharanthus roseus_PRJNA759937	Catharanthus roseus_PRJNA759937.h5ad	True	568346931	41392	20135	Catharanthus roseus	Catharanthus roseus	recorded	PRJNA759937	not explicitly recorded		missing	15822	0.38224777734827986	nonnegative_integer_unverified	csr	int64	Catharanthus roseus_PRJNA759937.csv	Catharanthus roseus_PRJNA759937.anno.csv	5138a3ffcd175521a19cb60e6976772b7c93a0690591ba1d2ef8a1c103d6b877	34dd26c8fc4971a1760624049d5edb154ccf317542e91948cb49bec8c039947b	1.0.0
Catharanthus roseus_PRJNA847226_Leaf	Catharanthus roseus_PRJNA847226_Leaf.h5ad	True	57516154	9833	18786	Catharanthus roseus	Catharanthus roseus	recorded	PRJNA847226	leaf	leaf	recorded	1035	0.10525780534933388	nonnegative_integer_unverified	csr	int64	Catharanthus roseus_PRJNA847226_Leaf.csv	Catharanthus roseus_PRJNA847226_Leaf.anno.csv	021836261a1ffc5c2a0144ca723c173149f9bfa63afeb62d1dd75c9fda68783a	052365d569d85af6bacb18aefb24f41056f21659606852f669670e8bb7d4f53d	1.0.0
Catharanthus roseus_PRJNA847226_Root	Catharanthus roseus_PRJNA847226_Root.h5ad	True	11377596	1347	17449	Catharanthus roseus	Catharanthus roseus	recorded	PRJNA847226	root	root	recorded	150	0.111358574610245	nonnegative_integer_unverified	csr	int64	Catharanthus roseus_PRJNA847226_Root.csv	Catharanthus roseus_PRJNA847226_Root.anno.csv	8ec3fc28622eaa05ab7511b83277b545c24266c6ccc3e2a3ae46eab99f0f4f1a	ce20e3d44ec1102ef9dcc69538389bde3635611d74ad0e419f76cebb719bbd25	1.0.0
Cynodon dactylon_PRJNA918429	Cynodon dactylon_PRJNA918429.h5ad	True	127844597	9936	45228	Cynodon dactylon	Cynodon dactylon	recorded	PRJNA918429	not explicitly recorded		missing	2420	0.24355877616747182	nonnegative_integer_unverified	csr	int64	Cynodon dactylon_PRJNA918429.csv	Cynodon dactylon_PRJNA918429.anno.csv	94b9f43f4bc8ede8e709c6effe4c29b0260a5447e9f22bafd6dc2a929c80a4c2	c8dcead900e31a84dffadb35247873426b7b8c3aa5bdf7e965d27af4f3616260	1.0.0
Fragaria vesca_PRJCA006322	Fragaria vesca_PRJCA006322.h5ad	True	772431722	47894	20713	Fragaria vesca	Fragaria vesca	recorded	PRJCA006322	not explicitly recorded		missing	1977	0.041278657034284044	nonnegative_integer_unverified	csr	int64	Fragaria vesca_PRJCA006322.csv	Fragaria vesca_PRJCA006322.anno.csv	f46e696c4f88816e8a143586ca5bc41fae137d3f21291c4361c66ff1d7474d29	38ad45bfefec504be3ca405acede9a5d5bfb7d3aacbfcc8294313c21aa797764	1.0.0
Glycine max_GSE234864_Flower	Glycine max_GSE234864_Flower.h5ad	True	66739396	9839	41363	not explicitly recorded	Glycine max	candidate_from_dataset_id	not explicitly recorded	not explicitly recorded	flower	candidate_from_dataset_id	1605	0.1631263339770302	nonnegative_integer_unverified	csr	int64	Glycine max_GSE234864_Flower.csv	Glycine max_GSE234864_Flower.anno.csv	ec969e36eb3184f876d516844842469bac11242421b7f59656bda2e8a219c325	b9dc475a654e3319877aed45b0f50486921cfcf9c05438111dd1e1246e088d40	1.0.0
Glycine max_GSE234864_SeedCotyledon	Glycine max_GSE234864_SeedCotyledon.h5ad	True	265428734	13326	45923	not explicitly recorded	Glycine max	candidate_from_dataset_id	not explicitly recorded	not explicitly recorded	seed	candidate_from_dataset_id	5229	0.39239081494822153	nonnegative_integer_unverified	csr	int64	Glycine max_GSE234864_SeedCotyledon.csv	Glycine max_GSE234864_SeedCotyledon.anno.csv	58afbb2c4a36ed0512de46b4a439f1bf6153846520940dc388b8c0d6955eed30	2f35c82cacea7da3702c216114353d8f1a7f6973b1adb36fc038bb6816bec7cd	1.0.0
Glycine max_GSE234864_SeedHeart	Glycine max_GSE234864_SeedHeart.h5ad	True	396779291	19357	46512	not explicitly recorded	Glycine max	candidate_from_dataset_id	not explicitly recorded	not explicitly recorded	seed	candidate_from_dataset_id	4902	0.2532417213411169	nonnegative_integer_unverified	csr	int64	Glycine max_GSE234864_SeedHeart.csv	Glycine max_GSE234864_SeedHeart.anno.csv	6223ffc9c300ba0b5b677a560730d9b53a297e35e0df76e2d0220d3d37b4dbee	78ec983d47cfcaef322c8ff6e3547bae285a1e3ab92cd38197e372443662ba77	1.0.0
Glycine max_GSE234864_SeedMidMaturation	Glycine max_GSE234864_SeedMidMaturation.h5ad	True	241459016	20580	42263	not explicitly recorded	Glycine max	candidate_from_dataset_id	not explicitly recorded	not explicitly recorded	seed	candidate_from_dataset_id	13050	0.6341107871720116	nonnegative_integer_unverified	csr	int64	Glycine max_GSE234864_SeedMidMaturation.csv	Glycine max_GSE234864_SeedMidMaturation.anno.csv	1d225ccbae65ae60c097baf98f2457e5eab96649f68be592b3cfe1be63c5eda0	f7c1238f480c32cb4bfd469827423f318672670e9e7019830cda45d1df1a97d1	1.0.0
Glycine max_GSE234864_Shoot	Glycine max_GSE234864_Shoot.h5ad	True	81826714	8244	41682	not explicitly recorded	Glycine max	candidate_from_dataset_id	not explicitly recorded	not explicitly recorded	shoot	candidate_from_dataset_id	2399	0.29099951479864145	nonnegative_integer_unverified	csr	int64	Glycine max_GSE234864_Shoot.csv	Glycine max_GSE234864_Shoot.anno.csv	7ceffa4179542923f9b65308077e679706f2a2a4a8038b34df28010fab929f2d	f4b8e26c66c19b392d8ddacccf711dfdb07f33343bec0ae4b6e9a8e4996fb217	1.0.0
Glycine max_GSE234864_TrifoliateLeaf	Glycine max_GSE234864_TrifoliateLeaf.h5ad	True	92723298	14925	39090	not explicitly recorded	Glycine max	candidate_from_dataset_id	not explicitly recorded	not explicitly recorded	leaf	candidate_from_dataset_id	2559	0.1714572864321608	nonnegative_integer_unverified	csr	int64	Glycine max_GSE234864_TrifoliateLeaf.csv	Glycine max_GSE234864_TrifoliateLeaf.anno.csv	2ab86965f562ba7df8e271da4b1a6ee3b3382640c255ce9b886bd08ede949def	92e2b51a455b86115058d30f863585fb60139d9c426c059d4c48885c557f880d	1.0.0
Glycine max_GSE234864_TrueLeaf	Glycine max_GSE234864_TrueLeaf.h5ad	True	135093239	11229	40140	not explicitly recorded	Glycine max	candidate_from_dataset_id	not explicitly recorded	not explicitly recorded	leaf	candidate_from_dataset_id	1742	0.1551340279633093	nonnegative_integer_unverified	csr	int64	Glycine max_GSE234864_TrueLeaf.csv	Glycine max_GSE234864_TrueLeaf.anno.csv	78ae919613e147cb35b8ce530a31e425e5fa2b12e3b904c9330a0331f31ed608	97dd22bc797d433786baecccbfb039fc54cbcc3a4b26e976f90333cf3a4c2786	1.0.0
Glycine max_PRJCA009893	Glycine max_PRJCA009893.h5ad	True	182853586	26712	39337	Glycine max	Glycine max	recorded	PRJCA009893	not explicitly recorded		missing	11161	0.41782719377059	nonnegative_integer_unverified	csr	int64	Glycine max_PRJCA009893.csv	Glycine max_PRJCA009893.anno.csv	f01ea0d1108a5e433a76b935443189c3d611649fb76a084a5f6be0d8a44244fc	bd68a094e395d83fdd6c9bb9b5113c3e537b8de9a3d2b9ae9e18a0084b999282	1.0.0
Glycine max_PRJNA1124403_CSseed	Glycine max_PRJNA1124403_CSseed.h5ad	True	314191883	23227	44593	Glycine max	Glycine max	recorded	PRJNA1124403	not explicitly recorded	seed	candidate_from_dataset_id	10444	0.44964911525379947	nonnegative_integer_unverified	csr	int64	Glycine max_PRJNA1124403_CSseed.csv	Glycine max_PRJNA1124403_CSseed.anno.csv	64e7583b67339078098afcfff78bc30ee78fbc1254d7c9cecf27fd184dbae0f1	0c57a363d4e7036c549bfc38e8fe9eb0cebc3a686f2123c0bd3d36a10eab4b92	1.0.0
Glycine max_PRJNA1124403_GSseed	Glycine max_PRJNA1124403_GSseed.h5ad	True	304848535	28042	44820	Glycine max	Glycine max	recorded	PRJNA1124403	not explicitly recorded	seed	candidate_from_dataset_id	6470	0.2307253405605877	nonnegative_integer_unverified	csr	int64	Glycine max_PRJNA1124403_GSseed.csv	Glycine max_PRJNA1124403_GSseed.anno.csv	ceffc06b8cb60ffa01c3801f4dd337e225002a2c39443f504e6f49267a815dcb	0c77523f1652219ae68158a34b3341ebbab932bf659f0ac45af5e67e63840868	1.0.0
Glycine max_PRJNA1124403_HSseed	Glycine max_PRJNA1124403_HSseed.h5ad	True	480027179	36857	45841	Glycine max	Glycine max	recorded	PRJNA1124403	not explicitly recorded	seed	candidate_from_dataset_id	8084	0.2193341834658274	nonnegative_integer_unverified	csr	int64	Glycine max_PRJNA1124403_HSseed.csv	Glycine max_PRJNA1124403_HSseed.anno.csv	42703e9a1d808a2420f704dc15705efc46ad9d7cc0b1a9bf89931b3264b6a709	5fe37a458c262b21cbb0730a3e4636fc9916031a6dbf4980fb216cf623ccfcfd	1.0.0
Glycine max_PRJNA1124403_Nodule	Glycine max_PRJNA1124403_Nodule.h5ad	True	67051122	9083	40536	Glycine max	Glycine max	recorded	PRJNA1124403	not explicitly recorded	nodule	candidate_from_dataset_id	4521	0.49774303644170426	nonnegative_integer_unverified	csr	int64	Glycine max_PRJNA1124403_Nodule.csv	Glycine max_PRJNA1124403_Nodule.anno.csv	e38853b14d54142b1a3144b6c85bd6170850310ea57c8b1a99244f2a6ed3957a	fa1c2f07c7658c6e021b4f1dc41c9b76c2a97de55a21ccbc7a8dbc81573c78db	1.0.0
Glycine max_PRJNA1124403_Root	Glycine max_PRJNA1124403_Root.h5ad	True	296817043	25694	44184	Glycine max	Glycine max	recorded	PRJNA1124403	root	root	recorded	13722	0.5340546431073402	nonnegative_integer_unverified	csr	int64	Glycine max_PRJNA1124403_Root.csv	Glycine max_PRJNA1124403_Root.anno.csv	598df93053ca6b292fa23c6d0bd6ea7ab3aaa50b29eb9be23cd4bae978d3809a	095865f8270297ee8705c2ce145ac9533507d995b7ec1b56500592c4ef73c358	1.0.0
Glycine max_PRJNA1124403_Stem	Glycine max_PRJNA1124403_Stem.h5ad	True	169851888	22162	42816	Glycine max	Glycine max	recorded	PRJNA1124403	stem	stem	recorded	14768	0.6663658514574496	nonnegative_integer_unverified	csr	int64	Glycine max_PRJNA1124403_Stem.csv	Glycine max_PRJNA1124403_Stem.anno.csv	20bfad1ba84e03a0b34ea842b61a4428afd0f243c14b8d705b0e5e8ac884d10a	e66ba5086d9af110563c8e6c8e1f30620debf0aa68d13516b4ed1a24dd742c96	1.0.0
Gossypium arboreum_PRJNA939177	Gossypium arboreum_PRJNA939177.h5ad	True	1578807291	78313	4959	Gossypium arboreum	Gossypium arboreum	recorded	PRJNA939177	not explicitly recorded		missing	14956	0.19097723238798156	scaled_continuous	dense	float32	Gossypium arboreum_PRJNA939177.csv	Gossypium arboreum_PRJNA939177.anno.csv	28838dd0b7baafd2331e9065fa4bdeba6d626fea710fc9e03479808429897d86	aada9679df8f97ed8092e284f8f695968bb5dbce14bbd240d906f40e855d633f	1.0.0
Gossypium bickii_PRJNA934498	Gossypium bickii_PRJNA934498.h5ad	True	682450168	13488	29356	Gossypium bickii	Gossypium bickii	recorded	PRJNA934498	not explicitly recorded		missing	331	0.024540332147093714	scaled_continuous	dense	float32	Gossypium bickii_PRJNA934498.csv	Gossypium bickii_PRJNA934498.anno.csv	938db9637d75dd4b2210d99f3985ae515f3839bd29c42fca04f64a9b9aa59a25	161b552be2e94178af77b8c5b1e856443106b16e9d4bd4132c00bca9ebb74e15	1.0.0
Gossypium hirsutum_PRJNA1010459	Gossypium hirsutum_PRJNA1010459.h5ad	True	388188674	37062	58977	Gossypium hirsutum	Gossypium hirsutum	recorded	PRJNA1010459	not explicitly recorded		missing	0	0.0	nonnegative_integer_unverified	csr	int64	Gossypium hirsutum_PRJNA1010459.csv	Gossypium hirsutum_PRJNA1010459.anno.csv	2ecfab8994b8f7b4d42154cc96c7b2d0f19e25a54c0860eddd9d86d297f9cff6	2f5e9e2def1bbcc0846180fada6b9ae76d23e8e6d73dafab41a69e236e73e932	1.0.0
Gossypium hirsutum_PRJNA1018465	Gossypium hirsutum_PRJNA1018465.h5ad	True	533425013	39212	53141	Gossypium hirsutum	Gossypium hirsutum	recorded	PRJNA1018465	not explicitly recorded		missing	10239	0.26111904519024787	nonnegative_integer_unverified	csr	int64	Gossypium hirsutum_PRJNA1018465.csv	Gossypium hirsutum_PRJNA1018465.anno.csv	c034c388f9c6f6f709f6e4cc9027e7e5488156085a51ffbcdc626ef93300e0f1	851f9b12a105d637551f332c9592f8ec51cdfde6dc7da3a6973c32ea75dc2b73	1.0.0
Gossypium hirsutum_PRJNA600131	Gossypium hirsutum_PRJNA600131.h5ad	True	480098879	17507	6767	Gossypium hirsutum	Gossypium hirsutum	recorded	PRJNA600131	not explicitly recorded		missing	3278	0.1872393899583024	scaled_continuous	dense	float32	Gossypium hirsutum_PRJNA600131.csv	Gossypium hirsutum_PRJNA600131.anno.csv	974d742c3ba848108b08becfd1b310a9be271ec6b74e1a503d4421126293e220	15bd67dadfd336259e24bddbe50eb2149fc2bb5137aa1cfd1dfb00b2b830925f	1.0.0
Gossypium hirsutum_PRJNA895970	Gossypium hirsutum_PRJNA895970.h5ad	True	590183803	99188	55996	Gossypium hirsutum	Gossypium hirsutum	recorded	PRJNA895970	not explicitly recorded		missing	55650	0.5610557728757511	nonnegative_integer_unverified	csr	int64	Gossypium hirsutum_PRJNA895970.csv	Gossypium hirsutum_PRJNA895970.anno.csv	2548f246f9a56ceadbc294cd67204f4d78d2950ca7c436d56f207bc9364f4074	fc07dbe84c11da3befc967839d95f55ee92b9a659ef9fd355544c957fe4ce4d5	1.0.0
Hevea brasiliensis_PRJCA012893	Hevea brasiliensis_PRJCA012893.h5ad	True	985855147	47410	29202	Hevea brasiliensis	Hevea brasiliensis	recorded	PRJCA012893	not explicitly recorded		missing	20109	0.42415102299093016	nonnegative_integer_unverified	csr	int64	Hevea brasiliensis_PRJCA012893.csv	Hevea brasiliensis_PRJCA012893.anno.csv	50cdc71cfc4c9b50b2ca83ffd7976050db1e0b842a200f853db4e0d77fd5296a	0d4e2270e7b07d6bfdff9529e3822ba3ffd678e7b922ce181d585d56a739cd13	1.0.0
Hylocereus undatus_PRJNA974579	Hylocereus undatus_PRJNA974579.h5ad	True	84702874	15768	20144	Hylocereus undatus	Hylocereus undatus	recorded	PRJNA974579	not explicitly recorded		missing	7663	0.48598427194317606	nonnegative_integer_unverified	csr	int64	Hylocereus undatus_PRJNA974579.csv	Hylocereus undatus_PRJNA974579.anno.csv	62f8c4d70a899f086ecf2e2eaa1d55fe8d46446ccb4f49964edf96581a445485	5afa1f2d25b4ceb867b075f525251cc46a2922ef8bb74d0b4c2888b7876e1824	1.0.0
Lemna minuta_PRJNA725879	Lemna minuta_PRJNA725879.h5ad	True	6479944	288	10360	Lemna minuta	Lemna minuta	recorded	PRJNA725879	not explicitly recorded in source; annotation labels include root and leaf-associated cell types		recorded	73	0.2534722222222222	scaled_continuous	dense	float32	Lemna minuta_PRJNA725879.csv	Lemna minuta_PRJNA725879.anno.csv	e3cac77a8040dc181a62f2aa5c4de882365e3168c6bbe9b3ff4666ee15ea0608	ce982b3bb39809152131211f9fd41200f6350e511d6c0e82c6582830a2c1f889	1.0.0
Limonium bicolor_PRJNA913259	Limonium bicolor_PRJNA913259.h5ad	True	391312692	40492	23838	Limonium bicolor	Limonium bicolor	recorded	PRJNA913259	not explicitly recorded		missing	3542	0.08747406895189173	nonnegative_integer_unverified	csr	int64	Limonium bicolor_PRJNA913259.csv	Limonium bicolor_PRJNA913259.anno.csv	367dc6d82805848f399771b4e0da176516f4b63e88f9d0669d89c23c42346cb6	59d2f63876a08b85178698622914894cfa1e0f7faa424a6e1e3e12b7ff26397a	1.0.0
Manihot esculenta Crantz_PRJCA019992	Manihot esculenta Crantz_PRJCA019992.h5ad	True	376917846	7736	27630	Manihot esculenta Crantz	Manihot esculenta Crantz	recorded	PRJCA019992	not explicitly recorded		missing	0	0.0	scaled_continuous	dense	float32	Manihot esculenta Crantz_PRJCA019992.csv	Manihot esculenta Crantz_PRJCA019992.anno.csv	e00fe19f80b2d55c8ff999f82f74700cb52745d150cdba12fa59ca4e79dd943d	216fd0e7e86c82a5038b09032a6f86bb3478d4e797712d4022e5d760e3db5183	1.0.0
Manihot esculenta Crantz_PRJNA895163	Manihot esculenta Crantz_PRJNA895163.h5ad	True	305978838	50380	25415	Manihot esculenta Crantz	Manihot esculenta Crantz	recorded	PRJNA895163	not explicitly recorded		missing	0	0.0	nonnegative_integer_unverified	csr	int64	Manihot esculenta Crantz_PRJNA895163.csv	Manihot esculenta Crantz_PRJNA895163.anno.csv	c8cabe4898b4ee1b70edca4f7a4a2aacb2e0724e88812564c885f679ed660786	8909281955b9396cec2e81a374edd056cdc95bd4823f5132dac1e7eff5377f2c	1.0.0
Medicago sativa_PRJNA885791	Medicago sativa_PRJNA885791.h5ad	True	1117879752	11640	69199	Medicago sativa	Medicago sativa	recorded	PRJNA885791	not explicitly recorded		missing	2832	0.24329896907216494	scaled_continuous	dense	float32	Medicago sativa_PRJNA885791.csv	Medicago sativa_PRJNA885791.anno.csv	548760fdcdaf27f386b94a142dc21d36cc18b33479956b93a7c423be2bd58e6c	94218e8ea42eb1e106d1d5f30aec3649f570ce875b7af71e9aa2c33748103260	1.0.0
Medicago truncatula_PRJCA011245	Medicago truncatula_PRJCA011245.h5ad	True	576380865	154571	31393	Medicago truncatula	Medicago truncatula	recorded	PRJCA011245	not explicitly recorded		missing	85132	0.550763079749759	nonnegative_integer_unverified	csr	int64	Medicago truncatula_PRJCA011245.csv	Medicago truncatula_PRJCA011245.anno.csv	a01eb6bb91fa557b1c2d5c3f67ab7cf4405014e798948c246b09383ea927cccb	799d96728b393ac8333ec7729468a5542351a99d77d169fcf182dfd625afe1ec	1.0.0
Medicago truncatula_PRJCA012129	Medicago truncatula_PRJCA012129.h5ad	True	144269848	11664	3000	Medicago truncatula	Medicago truncatula	recorded	PRJCA012129	not explicitly recorded		missing	8769	0.7518004115226338	scaled_continuous	dense	float32	Medicago truncatula_PRJCA012129.csv	Medicago truncatula_PRJCA012129.anno.csv	cdac7ae76979ddd309e40a233b0cbe24b98f9ff15a11682c61b11d439fabe33b	4633e20c7f856fdf7386795560661dd58ab99561f0dd9dd70a0cf695b31fbd81	1.0.0
Medicago truncatula_PRJNA868047	Medicago truncatula_PRJNA868047.h5ad	True	206417441	31176	31868	Medicago truncatula	Medicago truncatula	recorded	PRJNA868047	not explicitly recorded		missing	15820	0.5074416217603285	nonnegative_integer_unverified	csr	int64	Medicago truncatula_PRJNA868047.csv	Medicago truncatula_PRJNA868047.anno.csv	f980f8fe67cac9c1e853b390e56675d220e161505ea791091fa66a52965faeb1	08f961ff06d8e333b579da93a69f1e91e9afc6d1d82b3538f4170b774f2ee1b8	1.0.0
Medicago truncatula_PRJNA931615	Medicago truncatula_PRJNA931615.h5ad	True	144224210	32923	29189	Medicago truncatula	Medicago truncatula	recorded	PRJNA931615	not explicitly recorded		missing	4812	0.14615921999817758	nonnegative_integer_unverified	csr	int64	Medicago truncatula_PRJNA931615.csv	Medicago truncatula_PRJNA931615.anno.csv	a7f6f8545bcaf7e8da5a3de66891bde32f975784100091fe37df3f53a2dbbdf7	f22ed424283744e16675379aa307dc4d3c2ae16b93af41bcbd2d418be74b841d	1.0.0
Nepeta tenuifolia_PRJNA743551	Nepeta tenuifolia_PRJNA743551.h5ad	True	310739086	32899	20560	Nepeta tenuifolia	Nepeta tenuifolia	recorded	PRJNA743551	not explicitly recorded		missing	1382	0.04200735584668227	normalized_nonnegative_continuous	csr	float32	Nepeta tenuifolia_PRJNA743551.csv	Nepeta tenuifolia_PRJNA743551.anno.csv	b5ae868689a86ada0e5a4afb292bf51192f49d3c039816653afcfb3a584fe0d1	4de673c27564009e1d983ef4bee5a93070f90f677f0b68f222d0a332f14f29ef	1.0.0
Nicotiana attenuata_PRJNA796301	Nicotiana attenuata_PRJNA796301.h5ad	True	37674915	4004	20157	Nicotiana attenuata	Nicotiana attenuata	recorded	PRJNA796301	not explicitly recorded		missing	321	0.08016983016983018	nonnegative_integer_unverified	csr	int64	Nicotiana attenuata_PRJNA796301.csv	Nicotiana attenuata_PRJNA796301.anno.csv	3437145f387f905f9c0908eb1572d7310cb892535f53b78191d47584f0c938b6	e2ecde21105d750f07961554415d252928d24f4b7bb0f0b6d0ea34badd3b4a64	1.0.0
Nicotiana tabacum_PRJCA018794	Nicotiana tabacum_PRJCA018794.h5ad	True	382927255	22879	44371	Nicotiana tabacum	Nicotiana tabacum	recorded	PRJCA018794	not explicitly recorded		missing	4409	0.1927094715678133	nonnegative_integer_unverified	csr	int64	Nicotiana tabacum_PRJCA018794.csv	Nicotiana tabacum_PRJCA018794.anno.csv	503cdd99d9505c56a7636c0d4104cfe1303e44f9350a0a2ef1eb9d85f5ceb3e9	74a64e7e6940dcc7dcb26536d25cf0e0453f13cdf7c338fd6c4e7ac2e1cc1f89	1.0.0
Nicotiana tabacum_PRJNA970858	Nicotiana tabacum_PRJNA970858.h5ad	True	330522355	5774	38865	Nicotiana tabacum	Nicotiana tabacum	recorded	PRJNA970858	not explicitly recorded		missing	0	0.0	scaled_continuous	dense	float32	Nicotiana tabacum_PRJNA970858.csv	Nicotiana tabacum_PRJNA970858.anno.csv	7a9ae30920ad757fd838fd32719edef33526abcb0e143c02c6ab5bfa609c87be	e22b6d0a747785713fcbef210a1df783bc88edbf34ad6e27a067b759fcf24a03	1.0.0
Oryza sativa_CNP0004152	Oryza sativa_CNP0004152.h5ad	True	90041422	7135	3000	Oryza sativa	Oryza sativa	recorded	CNP0004152	not explicitly recorded		missing	4793	0.6717589348283112	scaled_continuous	dense	float32	Oryza sativa_CNP0004152.csv	Oryza sativa_CNP0004152.anno.csv	bb38731cf750fcdf1b7c62f4d6c6ff5a6c2508cbd753040e9f3283bfc0ed1982	fa94f9294f54e736b0abd093d18f780768bf947fb58f02570b648ea2b63be322	1.0.0
Oryza sativa_CRA004082_Leaf	Oryza sativa_CRA004082_Leaf.h5ad	True	181016011	12263	3572	not explicitly recorded	Oryza sativa	candidate_from_dataset_id	not explicitly recorded	not explicitly recorded	leaf	candidate_from_dataset_id	1378	0.11237054554350485	scaled_continuous	dense	float32	Oryza sativa_CRA004082_Leaf.csv	Oryza sativa_CRA004082_Leaf.anno.csv	572669220b812a4a97911d56a0ad5566261b13f11ad2153f9012c07160907c77	1fbc97c53744a34738122096c50773d0ac69904867f036bd4844f4a264517de6	1.0.0
Oryza sativa_CRA004082_Root	Oryza sativa_CRA004082_Root.h5ad	True	147420214	10285	3474	not explicitly recorded	Oryza sativa	candidate_from_dataset_id	not explicitly recorded	not explicitly recorded	root	candidate_from_dataset_id	526	0.05114244044725328	scaled_continuous	dense	float32	Oryza sativa_CRA004082_Root.csv	Oryza sativa_CRA004082_Root.anno.csv	d6927f02dc6c3c915447c784e36c8e36af8f6a61819e96a98b68c2f17be82e39	7b33593aed0bc3ea24a4703125ad99b7e935386013550550771006928f67d167	1.0.0
Oryza sativa_PRJNA609092	Oryza sativa_PRJNA609092.h5ad	True	645381850	14760	26266	Oryza sativa	Oryza sativa	recorded	PRJNA609092	not explicitly recorded		missing	176	0.011924119241192412	scaled_continuous	dense	float32	Oryza sativa_PRJNA609092.csv	Oryza sativa_PRJNA609092.anno.csv	0eb6c292248a0f06895203f679565714d2405f8e6c2f159337313087fc528577	8381ba1590f68582f9666c83699ef0ca72b42255480cf85264c70268f33bb17d	1.0.0
Oryza sativa_PRJNA706435	Oryza sativa_PRJNA706435.h5ad	True	283970158	36407	29370	Oryza sativa	Oryza sativa	recorded	PRJNA706435	not explicitly recorded		missing	861	0.02364929821188233	nonnegative_integer_unverified	csr	int64	Oryza sativa_PRJNA706435.csv	Oryza sativa_PRJNA706435.anno.csv	e30812ee8b9845d00d916a2e7457af531eb47e657dc6454fb66ce6dba57b2ff5	d723a9bb6c012320533c08685220dcddaa49daf8d1149314fbe74252a6b64497	1.0.0
Oryza sativa_PRJNA767589_Inflorescence	Oryza sativa_PRJNA767589_Inflorescence.h5ad	True	725524442	32265	5564	Oryza sativa	Oryza sativa	recorded	PRJNA767589	Inflorescence	inflorescence	recorded	32265	1.0	scaled_continuous	dense	float32	Oryza sativa_PRJNA767589_Inflorescence.csv	Oryza sativa_PRJNA767589_Inflorescence.anno.csv	a7379dc8674ac76d149ec678d438e0672365f279efc6f4827f92592e6a10782b	ce526043c364c40046764dc4d40adea9e46e83954f33d2a77341ce45fbf36728	1.0.0
Oryza sativa_PRJNA767589_Spikelet	Oryza sativa_PRJNA767589_Spikelet.h5ad	True	140818700	6182	5564	Oryza sativa	Oryza sativa	recorded	PRJNA767589	not explicitly recorded	spikelet	candidate_from_dataset_id	0	0.0	scaled_continuous	dense	float32	Oryza sativa_PRJNA767589_Spikelet.csv	Oryza sativa_PRJNA767589_Spikelet.anno.csv	4d30636607605175f82e586cd5a96ba90272974ce06e603d2120b6e4ff0f1f05	c628da4e18e92459eb51777933b9ca16de348f9a27b09a60521b91bd4aa2635d	1.0.0
Phyllostachys edulis_PRJNA953008	Phyllostachys edulis_PRJNA953008.h5ad	True	180832955	15304	35027	Phyllostachys edulis	Phyllostachys edulis	recorded	PRJNA953008	not explicitly recorded		missing	2713	0.1772739153162572	nonnegative_integer_unverified	csr	int64	Phyllostachys edulis_PRJNA953008.csv	Phyllostachys edulis_PRJNA953008.anno.csv	e9fce1061059712375a18b755005c462e2790ff19598f115e68260eab2002738	183811ffbbe2ae67922a9b2399913b9a5a8a8339ec843e6e6886f6f2e7497f3f	1.0.0
Pisum sativum_PRJNA983513	Pisum sativum_PRJNA983513.h5ad	True	300341307	22268	21854	Pisum sativum	Pisum sativum	recorded	PRJNA983513	not explicitly recorded		missing	651	0.029234776360696966	nonnegative_integer_unverified	csr	int64	Pisum sativum_PRJNA983513.csv	Pisum sativum_PRJNA983513.anno.csv	890f3343fac4ddbfe39fd83251cbbe5ee38c25cd9766e3b0f188e90acb14c61f	4fd8007e44b6c75d7532077a61ab2e651bd56d048f6704616e962f2c2c98d229	1.0.0
Populus alba x Populus glandulosa_PRJNA703312	Populus alba x Populus glandulosa_PRJNA703312.h5ad	True	728362381	9825	45469	Populus alba x Populus glandulosa	Populus alba x Populus glandulosa	recorded	PRJNA703312	not explicitly recorded		missing	3199	0.32559796437659033	scaled_continuous	dense	float32	Populus alba x Populus glandulosa_PRJNA703312.csv	Populus alba x Populus glandulosa_PRJNA703312.anno.csv	91b748c6315712b4a08670cb20cdb7727732f078072170752e290abc882534cf	a3441fd07fa1dbd2be60f70345a40cf87ff3f2f000a060045847a31a77b8afe7	1.0.0
Populus alba x Populus tremula_PRJNA787915	Populus alba x Populus tremula_PRJNA787915.h5ad	True	195611230	19950	28686	Populus alba x Populus tremula	Populus alba x Populus tremula	recorded	PRJNA787915	not explicitly recorded		missing	7586	0.38025062656641606	nonnegative_integer_unverified	csr	int64	Populus alba x Populus tremula_PRJNA787915.csv	Populus alba x Populus tremula_PRJNA787915.anno.csv	234cfd826c12a3ad0ddc2d16a0b2b11c891f8b405c58dc46a0efb7cd630d08da	f05946d1b0d90ea001755452e9b63e96cc6b8c702610c998b35509e3d8d67ba4	1.0.0
Populus alba_PRJCA005543	Populus alba_PRJCA005543.h5ad	True	133892636	7059	28525	Populus alba	Populus alba	recorded	PRJCA005543	not explicitly recorded		missing	1578	0.22354441138971526	nonnegative_integer_unverified	csr	int64	Populus alba_PRJCA005543.csv	Populus alba_PRJCA005543.anno.csv	f5c5c13d368279fea758e3b2ba9396b9a782a9e27585f543111431b68ac056b1	9575db9013f215ab37014dd0de7522ec2d6cab85afb16e87a32f2862ca696885	1.0.0
Populus euramericana_PRJCA015012_Primary	Populus euramericana_PRJCA015012_Primary.h5ad	True	425748203	8840	27680	Populus euramericana	Populus euramericana	recorded	PRJCA015012	not explicitly recorded		missing	3422	0.38710407239819006	scaled_continuous	dense	float32	Populus euramericana_PRJCA015012_Primary.csv	Populus euramericana_PRJCA015012_Primary.anno.csv	ba11e06e453c2dc093c3bbfdab16020b10cbf5040c79b9440bbf6ddb03e2b8ef	db6ebbe314fcff47a9917af1fc152ffd916c5ffa6c4ffc1d86a9ba8718710824	1.0.0
Populus euramericana_PRJCA015012_Secondary	Populus euramericana_PRJCA015012_Secondary.h5ad	True	732667673	13593	28948	Populus euramericana	Populus euramericana	recorded	PRJCA015012	not explicitly recorded		missing	1291	0.09497535496211285	scaled_continuous	dense	float32	Populus euramericana_PRJCA015012_Secondary.csv	Populus euramericana_PRJCA015012_Secondary.anno.csv	a62de25514babc032ee9810f8a80eb4b1e63d90ec1aea9b5c43da736ef5937a8	c1ed95cdc8b101a4d17cb166aa81ce2409e265fcb5e5448bb6fdac80a89c7d1f	1.0.0
Populus trichocarpa_PRJCA014789	Populus trichocarpa_PRJCA014789.h5ad	True	160682634	12615	29824	Populus trichocarpa	Populus trichocarpa	recorded	PRJCA014789	not explicitly recorded		missing	4470	0.35434007134363854	nonnegative_integer_unverified	csr	int64	Populus trichocarpa_PRJCA014789.csv	Populus trichocarpa_PRJCA014789.anno.csv	23035f262d0d6c405a463e31ae408bab0d070579eaa88d98387dc2bad2412f1e	8da0880d0412060ea2efecbed5116b3275c1541df041c6663ca2a44ae7321583	1.0.0
Populus trichocarpa_PRJNA746591	Populus trichocarpa_PRJNA746591.h5ad	True	209757416	24265	28134	Populus trichocarpa	Populus trichocarpa	recorded	PRJNA746591	not explicitly recorded		missing	6454	0.2659798063053781	nonnegative_integer_unverified	csr	int64	Populus trichocarpa_PRJNA746591.csv	Populus trichocarpa_PRJNA746591.anno.csv	daf42879896f2abf89b5fbad668ea18ca67bfd71f7cdbf569c39eba151c9913d	25dde13d2af76b4a756907faa52b2103c6dff917d5bda634878518a60fca02c2	1.0.0
Solanum lycopersicum_PRJNA667489	Solanum lycopersicum_PRJNA667489.h5ad	True	124454308	2998	20410	Solanum lycopersicum	Solanum lycopersicum	recorded	PRJNA667489	not explicitly recorded		missing	2244	0.7484989993328885	scaled_continuous	dense	float32	Solanum lycopersicum_PRJNA667489.csv	Solanum lycopersicum_PRJNA667489.anno.csv	5dbac19fbb671e1a0a50dcebbcb858c21fb6929b1799fcc03c8ba011d11aa2e3	09f028a390af476764334a2dfda05a37110fd8dca3c13883c3d916ae73bf80f6	1.0.0
Solanum lycopersicum_PRJNA833659	Solanum lycopersicum_PRJNA833659.h5ad	True	312744693	68341	24160	Solanum lycopersicum	Solanum lycopersicum	recorded	PRJNA833659	not explicitly recorded		missing	10366	0.15168054315857246	nonnegative_integer_unverified	csr	int64	Solanum lycopersicum_PRJNA833659.csv	Solanum lycopersicum_PRJNA833659.anno.csv	b8ad5ccca555289edfc0771cc9740fcc1665447f8157d04862f2d37e248bbfcf	59e51d63ed25754d7170ff0f20c2c5ba3922f05417b71f117b7cbf65649bf454	1.0.0
Sorghum bicolor_PRJNA935359	Sorghum bicolor_PRJNA935359.h5ad	True	145946493	10580	22139	Sorghum bicolor	Sorghum bicolor	recorded	PRJNA935359	not explicitly recorded		missing	1781	0.16833648393194706	nonnegative_integer_unverified	csr	int64	Sorghum bicolor_PRJNA935359.csv	Sorghum bicolor_PRJNA935359.anno.csv	662c18cb87bbda123879ec940d6786c43edb83bf0be0d384af01c86de3fe5582	b06c935767e004a132633e3c7b226706de88d48606058b54de37974f365a233e	1.0.0
Triticum aestivum_PRJCA012935	Triticum aestivum_PRJCA012935.h5ad	True	858396206	7154	70387	Triticum aestivum	Triticum aestivum	recorded	PRJCA012935	not explicitly recorded		missing	2310	0.32289628180039137	scaled_continuous	dense	float32	Triticum aestivum_PRJCA012935.csv	Triticum aestivum_PRJCA012935.anno.csv	83f5617c13aa83cd4be164d12046174b2c585f218a0d998ad56c2931032fe8f6	6e492f55865fd1113dabe46f2a6c92d415ee2e6ed7e6d13b059e37affff3c0c8	1.0.0
Wolffia australiana_PRJNA809022	Wolffia australiana_PRJNA809022.h5ad	True	219821002	34058	16855	Wolffia australiana	Wolffia australiana	recorded	PRJNA809022	not explicitly recorded		missing	8921	0.26193552175700274	nonnegative_integer_unverified	csr	int64	Wolffia australiana_PRJNA809022.csv	Wolffia australiana_PRJNA809022.anno.csv	23ad6e9513544721682b0f0591d8e5a7f50301651fd6cd2663674599b5471ab6	d6c1d6e19433ad7e6cf960fb4ab617b813c1a9361eb207c256020ccc00e3d2eb	1.0.0
Zea mays_PRJCA020760	Zea mays_PRJCA020760.h5ad	True	25075163	7396	2000	Zea mays	Zea mays	recorded	PRJCA020760	not explicitly recorded		missing	6683	0.9035965386695511	scaled_continuous	dense	float32	Zea mays_PRJCA020760.csv	Zea mays_PRJCA020760.anno.csv	719f13f5875cdb828c57d0c6fbee02ab5ebc9b630d1eb6d6c3ff6d2e52dea208	3db7b8e7c161c9057a2f53a8c7d002a8bc39780c90dfb1977add7648d48f1b63	1.0.0
Zea mays_PRJNA454730	Zea mays_PRJNA454730.h5ad	True	378331452	10794	27253	Zea mays	Zea mays	recorded	PRJNA454730	not explicitly recorded		missing	331	0.030665184361682415	nonnegative_integer_unverified	csr	int64	Zea mays_PRJNA454730.csv	Zea mays_PRJNA454730.anno.csv	f658d433ebe63c4b4697461d1d553416b21e166b4ff465924955d484fba2e208	29615509279024c322460e95444d08d889f6cffec0f6a243a36db94cd13b3b3e	1.0.0
Zea mays_PRJNA576240	Zea mays_PRJNA576240.h5ad	True	35393391	7272	2000	Zea mays	Zea mays	recorded	PRJNA576240	not explicitly recorded		missing	53	0.007288228822882288	scaled_continuous	dense	float32	Zea mays_PRJNA576240.csv	Zea mays_PRJNA576240.anno.csv	7d4fc89469bbecd09022a52f43282b50c0457fd79d4017f0573720ea8ea36edb	d3234fdf45e1cc7ad29638f10fe6c7ab092987191d7b2e1121c9b34ebd373d02	1.0.0
Zea mays_PRJNA646989_PRJNA646996_PRJNA647001	Zea mays_PRJNA646989_PRJNA646996_PRJNA647001.h5ad	True	146329113	18538	26165	Zea mays	Zea mays	recorded	PRJNA646989	not explicitly recorded		missing	0	0.0	nonnegative_integer_unverified	csr	int64	Zea mays_PRJNA646989_PRJNA646996_PRJNA647001.csv	Zea mays_PRJNA646989_PRJNA646996_PRJNA647001.anno.csv	d21b53376db90e5cca2d4d11ed20024e6d058e505a269091a69b39f68c88ab5a	e2c0946ea5b607118be6f4e8e2a32d2095d36434c70f1be625c198c16cfb77a0	1.0.0
Zea mays_PRJNA662627	Zea mays_PRJNA662627.h5ad	True	214237793	13337	3904	Zea mays	Zea mays	recorded	PRJNA662627	not explicitly recorded		missing	0	0.0	scaled_continuous	dense	float32	Zea mays_PRJNA662627.csv	Zea mays_PRJNA662627.anno.csv	33bcccb6a4bdc64f8e53c35c879b277eb066278e2a14d1203084fd65b5806ea1	5b1877dcb88cb8bed0787b2247d032c2d95e683c1aee81246ea029e9883caec1	1.0.0
Zea mays_PRJNA740934	Zea mays_PRJNA740934.h5ad	True	527318735	33388	3853	Zea mays	Zea mays	recorded	PRJNA740934	not explicitly recorded		missing	0	0.0	scaled_continuous	dense	float32	Zea mays_PRJNA740934.csv	Zea mays_PRJNA740934.anno.csv	6ccd886a3b6439c5cb96418dc82314487674d4d9c557ce20963edf6667c29c43	dfe8b69f005c51d1e93152697262e11577fa5e7e043bd943fc017dba43bb3998	1.0.0
Zea mays_PRJNA759548	Zea mays_PRJNA759548.h5ad	True	101810212	6633	3720	Zea mays	Zea mays	recorded	PRJNA759548	not explicitly recorded		missing	0	0.0	scaled_continuous	dense	float32	Zea mays_PRJNA759548.csv	Zea mays_PRJNA759548.anno.csv	acc5f6599eb45d4e8f1999c6ece803e61d9728b4101ee82d3dab6ef708d9a892	b7001cd45ce670b421a0b4c71ef1bf93778ecf5a2594cdb64d925b703b7a8aa8	1.0.0
Zea mays_PRJNA865791	Zea mays_PRJNA865791.h5ad	True	906026776	40916	5450	Zea mays	Zea mays	recorded	PRJNA865791	not explicitly recorded		missing	23324	0.5700459477954835	scaled_continuous	dense	float32	Zea mays_PRJNA865791.csv	Zea mays_PRJNA865791.anno.csv	e2b63adcb02ef0a6135c3247487ccf6dcb5fd935872012b68d183863272d9823	616a6bb30f98fe4025d50d813987da9cdd406b7b8c940cd45f33fcd29424bc39	1.0.0
Zea mays_PRJNA924780	Zea mays_PRJNA924780.h5ad	True	649829358	41358	31105	Zea mays	Zea mays	recorded	PRJNA924780	not explicitly recorded		missing	16125	0.38988829247062234	nonnegative_integer_unverified	csr	int64	Zea mays_PRJNA924780.csv	Zea mays_PRJNA924780.anno.csv	04321c584e82944fcfa566104b09afbad1b29d71c206dbd2a7cf5a7a276858c5	2cfc1a64fabb43be9c644333eb5904b6ad52aacb57c80728f2b481524cd35dfc	1.0.0
Zea mays_PRJNA935359	Zea mays_PRJNA935359.h5ad	True	78393413	4103	27042	Zea mays	Zea mays	recorded	PRJNA935359	not explicitly recorded		missing	0	0.0	nonnegative_integer_unverified	csr	int64	Zea mays_PRJNA935359.csv	Zea mays_PRJNA935359.anno.csv	569f74c11c0752c391f3ce1d2d5ae8d1f51a0b348314fa07cc1ff2743684fd7d	0053c57a2fae1066ff243bcc8970c1b6cac7bdbf7f7c7a7f179e77ca83cf56f0	1.0.0
