species	scope	record_type	comparator	orthogroups	positive_cells	negative_cells	auroc	average_precision	smd	auroc_lower_95	auroc_upper_95	interval_type	source_path	source_sha256	authority_version	random_programs	random_auc_median	random_auc_q95	empirical_p	note	estimand	estimate	lower_95	upper_95	bootstrap_n
esa	pooled	method	complete_family	16	221	15160	0.894943826932031	0.401197035141741	1.5057045760467	0.871719867417233	0.917295126493869	conditional_stratified_cell_bootstrap_percentile	internal_source_record:not_publicly_portable;internal_source_record:not_publicly_portable	5ab3b0877252d7f439f90c58072d52ae0e607a9d68b99d2e8a29c83791c92fb9;e4b2c1029f5ef065609677ff34e26a344310b8f0bced08e5aa82b0bb38d13e75	gse268881_root_xylem_validation_v1_1										
esa	pooled	method	single_gene	16	221	15160	0.858878150407717	0.422559123255399	1.39248599693189	0.828494456565862	0.889305888023974	conditional_stratified_cell_bootstrap_percentile	internal_source_record:not_publicly_portable;internal_source_record:not_publicly_portable	5ab3b0877252d7f439f90c58072d52ae0e607a9d68b99d2e8a29c83791c92fb9;e4b2c1029f5ef065609677ff34e26a344310b8f0bced08e5aa82b0bb38d13e75	gse268881_root_xylem_validation_v1_1										
esa	pooled	method	anti_circular	11	221	15160	0.889033268066715	0.367884011503026	1.49883986604245				internal_source_record:not_publicly_portable;internal_source_record:not_publicly_portable	5ab3b0877252d7f439f90c58072d52ae0e607a9d68b99d2e8a29c83791c92fb9;e4b2c1029f5ef065609677ff34e26a344310b8f0bced08e5aa82b0bb38d13e75	gse268881_root_xylem_validation_v1_1										
esa	pooled	method	phloem_off_target	10	221	15160	0.4914179371769	0.012895162954401	-0.10287478831583				internal_source_record:not_publicly_portable;internal_source_record:not_publicly_portable	5ab3b0877252d7f439f90c58072d52ae0e607a9d68b99d2e8a29c83791c92fb9;e4b2c1029f5ef065609677ff34e26a344310b8f0bced08e5aa82b0bb38d13e75	gse268881_root_xylem_validation_v1_1										
esa	pooled	method	equal_weight	16	221	15160	0.897230745352738	0.472350313723494	1.69332506594161				internal_source_record:not_publicly_portable;internal_source_record:not_publicly_portable	5ab3b0877252d7f439f90c58072d52ae0e607a9d68b99d2e8a29c83791c92fb9;e4b2c1029f5ef065609677ff34e26a344310b8f0bced08e5aa82b0bb38d13e75	gse268881_root_xylem_validation_v1_1										
sir	pooled	method	complete_family	16	224	17675	0.925660486967064	0.676476238369659	1.81901347279272	0.901351062083249	0.949529952389372	conditional_stratified_cell_bootstrap_percentile	internal_source_record:not_publicly_portable;internal_source_record:not_publicly_portable	5ab3b0877252d7f439f90c58072d52ae0e607a9d68b99d2e8a29c83791c92fb9;e4b2c1029f5ef065609677ff34e26a344310b8f0bced08e5aa82b0bb38d13e75	gse268881_root_xylem_validation_v1_1										
sir	pooled	method	single_gene	15	224	17675	0.931443978581532	0.719275879660655	1.77551947336879	0.908737516417458	0.953473031167913	conditional_stratified_cell_bootstrap_percentile	internal_source_record:not_publicly_portable;internal_source_record:not_publicly_portable	5ab3b0877252d7f439f90c58072d52ae0e607a9d68b99d2e8a29c83791c92fb9;e4b2c1029f5ef065609677ff34e26a344310b8f0bced08e5aa82b0bb38d13e75	gse268881_root_xylem_validation_v1_1										
sir	pooled	method	anti_circular	11	224	17675	0.919838603758335	0.639579370238789	1.79577772673638				internal_source_record:not_publicly_portable;internal_source_record:not_publicly_portable	5ab3b0877252d7f439f90c58072d52ae0e607a9d68b99d2e8a29c83791c92fb9;e4b2c1029f5ef065609677ff34e26a344310b8f0bced08e5aa82b0bb38d13e75	gse268881_root_xylem_validation_v1_1										
sir	pooled	method	phloem_off_target	10	224	17675	0.436108304708022	0.0100933717665831	-0.249647917435997				internal_source_record:not_publicly_portable;internal_source_record:not_publicly_portable	5ab3b0877252d7f439f90c58072d52ae0e607a9d68b99d2e8a29c83791c92fb9;e4b2c1029f5ef065609677ff34e26a344310b8f0bced08e5aa82b0bb38d13e75	gse268881_root_xylem_validation_v1_1										
sir	pooled	method	equal_weight	16	224	17675	0.924592089310972	0.68304657630282	2.01563503122077				internal_source_record:not_publicly_portable;internal_source_record:not_publicly_portable	5ab3b0877252d7f439f90c58072d52ae0e607a9d68b99d2e8a29c83791c92fb9;e4b2c1029f5ef065609677ff34e26a344310b8f0bced08e5aa82b0bb38d13e75	gse268881_root_xylem_validation_v1_1										
esa	R1	method	complete_family		118	7615	0.877987246402618	0.295604439985078	1.36696202029369	0.84686053952391	0.907659712098111	conditional_stratified_cell_bootstrap_percentile	internal_source_record:not_publicly_portable;internal_source_record:not_publicly_portable	9bb6a7d91aafe6ec9af08ac4722e4111424b653c44443467524b0757b2c30a13;e4b2c1029f5ef065609677ff34e26a344310b8f0bced08e5aa82b0bb38d13e75	gse268881_root_xylem_validation_v1_1										
esa	R2	method	complete_family		103	7545	0.919370508341536	0.523768301288762	1.76894358038013	0.88188836238234	0.951745160107317	conditional_stratified_cell_bootstrap_percentile	internal_source_record:not_publicly_portable;internal_source_record:not_publicly_portable	9bb6a7d91aafe6ec9af08ac4722e4111424b653c44443467524b0757b2c30a13;e4b2c1029f5ef065609677ff34e26a344310b8f0bced08e5aa82b0bb38d13e75	gse268881_root_xylem_validation_v1_1										
esa	R1	method	single_gene		118	7615	0.832310226248372	0.326532647638835	1.23917421824707	0.789668751460654	0.870540024705922	conditional_stratified_cell_bootstrap_percentile	internal_source_record:not_publicly_portable;internal_source_record:not_publicly_portable	9bb6a7d91aafe6ec9af08ac4722e4111424b653c44443467524b0757b2c30a13;e4b2c1029f5ef065609677ff34e26a344310b8f0bced08e5aa82b0bb38d13e75	gse268881_root_xylem_validation_v1_1										
esa	R2	method	single_gene		103	7545	0.893552600256069	0.533163425545876	1.65269930606854	0.849570537937424	0.931078641420088	conditional_stratified_cell_bootstrap_percentile	internal_source_record:not_publicly_portable;internal_source_record:not_publicly_portable	9bb6a7d91aafe6ec9af08ac4722e4111424b653c44443467524b0757b2c30a13;e4b2c1029f5ef065609677ff34e26a344310b8f0bced08e5aa82b0bb38d13e75	gse268881_root_xylem_validation_v1_1										
esa	R1	method	anti_circular		118	7615	0.87608978710618	0.282289679264023	1.36197332514783				internal_source_record:not_publicly_portable;internal_source_record:not_publicly_portable	9bb6a7d91aafe6ec9af08ac4722e4111424b653c44443467524b0757b2c30a13;e4b2c1029f5ef065609677ff34e26a344310b8f0bced08e5aa82b0bb38d13e75	gse268881_root_xylem_validation_v1_1										
esa	R2	method	anti_circular		103	7545	0.908270763766913	0.469653244800051	1.72623124973457				internal_source_record:not_publicly_portable;internal_source_record:not_publicly_portable	9bb6a7d91aafe6ec9af08ac4722e4111424b653c44443467524b0757b2c30a13;e4b2c1029f5ef065609677ff34e26a344310b8f0bced08e5aa82b0bb38d13e75	gse268881_root_xylem_validation_v1_1										
esa	R1	method	phloem_off_target		118	7615	0.516305908276484	0.0148888910741744	-0.0182531595292461				internal_source_record:not_publicly_portable;internal_source_record:not_publicly_portable	9bb6a7d91aafe6ec9af08ac4722e4111424b653c44443467524b0757b2c30a13;e4b2c1029f5ef065609677ff34e26a344310b8f0bced08e5aa82b0bb38d13e75	gse268881_root_xylem_validation_v1_1										
esa	R2	method	phloem_off_target		103	7545	0.466422178900706	0.0114441720164617	-0.173834522396713				internal_source_record:not_publicly_portable;internal_source_record:not_publicly_portable	9bb6a7d91aafe6ec9af08ac4722e4111424b653c44443467524b0757b2c30a13;e4b2c1029f5ef065609677ff34e26a344310b8f0bced08e5aa82b0bb38d13e75	gse268881_root_xylem_validation_v1_1										
esa	R1	method	equal_weight		118	7615	0.879080650366694	0.323682802716803	1.56201153499104				internal_source_record:not_publicly_portable;internal_source_record:not_publicly_portable	9bb6a7d91aafe6ec9af08ac4722e4111424b653c44443467524b0757b2c30a13;e4b2c1029f5ef065609677ff34e26a344310b8f0bced08e5aa82b0bb38d13e75	gse268881_root_xylem_validation_v1_1										
esa	R2	method	equal_weight		103	7545	0.920497725620388	0.614475706445361	2.0127058066187				internal_source_record:not_publicly_portable;internal_source_record:not_publicly_portable	9bb6a7d91aafe6ec9af08ac4722e4111424b653c44443467524b0757b2c30a13;e4b2c1029f5ef065609677ff34e26a344310b8f0bced08e5aa82b0bb38d13e75	gse268881_root_xylem_validation_v1_1										
sir	R1	method	complete_family		106	9694	0.914855911651245	0.616376003697104	1.62558103512988	0.873527281512392	0.950122182170648	conditional_stratified_cell_bootstrap_percentile	internal_source_record:not_publicly_portable;internal_source_record:not_publicly_portable	9bb6a7d91aafe6ec9af08ac4722e4111424b653c44443467524b0757b2c30a13;e4b2c1029f5ef065609677ff34e26a344310b8f0bced08e5aa82b0bb38d13e75	gse268881_root_xylem_validation_v1_1										
sir	R2	method	complete_family		118	7981	0.936525625479157	0.741845163332945	2.02696052199159	0.904762064670542	0.964878025989692	conditional_stratified_cell_bootstrap_percentile	internal_source_record:not_publicly_portable;internal_source_record:not_publicly_portable	9bb6a7d91aafe6ec9af08ac4722e4111424b653c44443467524b0757b2c30a13;e4b2c1029f5ef065609677ff34e26a344310b8f0bced08e5aa82b0bb38d13e75	gse268881_root_xylem_validation_v1_1										
sir	R1	method	single_gene		106	9694	0.912697408628562	0.654837941229162	1.5837606672761	0.873997714497589	0.945659820215578	conditional_stratified_cell_bootstrap_percentile	internal_source_record:not_publicly_portable;internal_source_record:not_publicly_portable	9bb6a7d91aafe6ec9af08ac4722e4111424b653c44443467524b0757b2c30a13;e4b2c1029f5ef065609677ff34e26a344310b8f0bced08e5aa82b0bb38d13e75	gse268881_root_xylem_validation_v1_1										
sir	R2	method	single_gene		118	7981	0.950310483160217	0.781770926909716	1.99203825950125	0.924941890591851	0.973319393092493	conditional_stratified_cell_bootstrap_percentile	internal_source_record:not_publicly_portable;internal_source_record:not_publicly_portable	9bb6a7d91aafe6ec9af08ac4722e4111424b653c44443467524b0757b2c30a13;e4b2c1029f5ef065609677ff34e26a344310b8f0bced08e5aa82b0bb38d13e75	gse268881_root_xylem_validation_v1_1										
sir	R1	method	anti_circular		106	9694	0.906686104223192	0.573695666613172	1.58964437389589				internal_source_record:not_publicly_portable;internal_source_record:not_publicly_portable	9bb6a7d91aafe6ec9af08ac4722e4111424b653c44443467524b0757b2c30a13;e4b2c1029f5ef065609677ff34e26a344310b8f0bced08e5aa82b0bb38d13e75	gse268881_root_xylem_validation_v1_1										
sir	R2	method	anti_circular		118	7981	0.933709084499415	0.708665456803312	2.01755377683559				internal_source_record:not_publicly_portable;internal_source_record:not_publicly_portable	9bb6a7d91aafe6ec9af08ac4722e4111424b653c44443467524b0757b2c30a13;e4b2c1029f5ef065609677ff34e26a344310b8f0bced08e5aa82b0bb38d13e75	gse268881_root_xylem_validation_v1_1										
sir	R1	method	phloem_off_target		106	9694	0.476340159834327	0.00956208180812353	-0.113138289024286				internal_source_record:not_publicly_portable;internal_source_record:not_publicly_portable	9bb6a7d91aafe6ec9af08ac4722e4111424b653c44443467524b0757b2c30a13;e4b2c1029f5ef065609677ff34e26a344310b8f0bced08e5aa82b0bb38d13e75	gse268881_root_xylem_validation_v1_1										
sir	R2	method	phloem_off_target		118	7981	0.396051321040012	0.010991787683617	-0.383376394298122				internal_source_record:not_publicly_portable;internal_source_record:not_publicly_portable	9bb6a7d91aafe6ec9af08ac4722e4111424b653c44443467524b0757b2c30a13;e4b2c1029f5ef065609677ff34e26a344310b8f0bced08e5aa82b0bb38d13e75	gse268881_root_xylem_validation_v1_1										
sir	R1	method	equal_weight		106	9694	0.907766328909927	0.610553753874211	1.79665660619463				internal_source_record:not_publicly_portable;internal_source_record:not_publicly_portable	9bb6a7d91aafe6ec9af08ac4722e4111424b653c44443467524b0757b2c30a13;e4b2c1029f5ef065609677ff34e26a344310b8f0bced08e5aa82b0bb38d13e75	gse268881_root_xylem_validation_v1_1										
sir	R2	method	equal_weight		118	7981	0.941014570622177	0.728698071314271	2.25014093043962				internal_source_record:not_publicly_portable;internal_source_record:not_publicly_portable	9bb6a7d91aafe6ec9af08ac4722e4111424b653c44443467524b0757b2c30a13;e4b2c1029f5ef065609677ff34e26a344310b8f0bced08e5aa82b0bb38d13e75	gse268881_root_xylem_validation_v1_1										
esa	pooled	random_null	random_program_null										internal_source_record:not_publicly_portable;internal_source_record:not_publicly_portable	ddbf41e4f41ca573baab5f53a53116731b614001fe040794f77e9d97df499447;b056d36388c903f1e1d26b5ed5b9d03dfd3bd2f04651affef3608f070da01b90	gse268881_root_xylem_validation_v1_1	500	0.49771069377619104	0.5772743302212301	0.00199600798403194	Median and q95 recomputed from 500 frozen draws using R-compatible type-7 quantiles					
esa	pooled	paired_difference	complete_minus_single									conditional_stratified_cell_bootstrap_percentile	internal_source_record:not_publicly_portable	e4b2c1029f5ef065609677ff34e26a344310b8f0bced08e5aa82b0bb38d13e75	gse268881_root_xylem_uncertainty_v1						delta_auc	0.0360656765243138	0.0166474684809991	0.0565799496173545	2000
esa	pooled	paired_difference	complete_minus_single									conditional_stratified_cell_bootstrap_percentile	internal_source_record:not_publicly_portable	e4b2c1029f5ef065609677ff34e26a344310b8f0bced08e5aa82b0bb38d13e75	gse268881_root_xylem_uncertainty_v1						delta_ap	-0.0213620881136578	-0.060394348574666	0.0166000427762016	2000
esa	pooled	paired_difference	complete_minus_single									conditional_stratified_cell_bootstrap_percentile	internal_source_record:not_publicly_portable	e4b2c1029f5ef065609677ff34e26a344310b8f0bced08e5aa82b0bb38d13e75	gse268881_root_xylem_uncertainty_v1						delta_smd	0.113218579114807	0.0202917495795764	0.21084875299014	2000
esa	R1	paired_difference	complete_minus_single									conditional_stratified_cell_bootstrap_percentile	internal_source_record:not_publicly_portable	e4b2c1029f5ef065609677ff34e26a344310b8f0bced08e5aa82b0bb38d13e75	gse268881_root_xylem_uncertainty_v1						delta_auc	0.0456770201542451	0.0168792637190202	0.0787789487741634	2000
esa	R1	paired_difference	complete_minus_single									conditional_stratified_cell_bootstrap_percentile	internal_source_record:not_publicly_portable	e4b2c1029f5ef065609677ff34e26a344310b8f0bced08e5aa82b0bb38d13e75	gse268881_root_xylem_uncertainty_v1						delta_ap	-0.0309282076537567	-0.0908471931122688	0.0292144913430246	2000
esa	R1	paired_difference	complete_minus_single									conditional_stratified_cell_bootstrap_percentile	internal_source_record:not_publicly_portable	e4b2c1029f5ef065609677ff34e26a344310b8f0bced08e5aa82b0bb38d13e75	gse268881_root_xylem_uncertainty_v1						delta_smd	0.127787802046626	-0.0103051268576685	0.271144057663143	2000
esa	R2	paired_difference	complete_minus_single									conditional_stratified_cell_bootstrap_percentile	internal_source_record:not_publicly_portable	e4b2c1029f5ef065609677ff34e26a344310b8f0bced08e5aa82b0bb38d13e75	gse268881_root_xylem_uncertainty_v1						delta_auc	0.0258179080854678	0.00477415442619364	0.0501067542962292	2000
esa	R2	paired_difference	complete_minus_single									conditional_stratified_cell_bootstrap_percentile	internal_source_record:not_publicly_portable	e4b2c1029f5ef065609677ff34e26a344310b8f0bced08e5aa82b0bb38d13e75	gse268881_root_xylem_uncertainty_v1						delta_ap	-0.00939512425711431	-0.06117368954345	0.0457198698075439	2000
esa	R2	paired_difference	complete_minus_single									conditional_stratified_cell_bootstrap_percentile	internal_source_record:not_publicly_portable	e4b2c1029f5ef065609677ff34e26a344310b8f0bced08e5aa82b0bb38d13e75	gse268881_root_xylem_uncertainty_v1						delta_smd	0.116244274311592	-0.0162946776453892	0.286894786926698	2000
sir	pooled	random_null	random_program_null										internal_source_record:not_publicly_portable;internal_source_record:not_publicly_portable	ddbf41e4f41ca573baab5f53a53116731b614001fe040794f77e9d97df499447;b056d36388c903f1e1d26b5ed5b9d03dfd3bd2f04651affef3608f070da01b90	gse268881_root_xylem_validation_v1_1	500	0.49855879975752704	0.6023192122145886	0.00199600798403194	Median and q95 recomputed from 500 frozen draws using R-compatible type-7 quantiles					
sir	pooled	paired_difference	complete_minus_single									conditional_stratified_cell_bootstrap_percentile	internal_source_record:not_publicly_portable	e4b2c1029f5ef065609677ff34e26a344310b8f0bced08e5aa82b0bb38d13e75	gse268881_root_xylem_uncertainty_v1						delta_auc	-0.00578349161446756	-0.0149146260608204	0.00415010608203679	2000
sir	pooled	paired_difference	complete_minus_single									conditional_stratified_cell_bootstrap_percentile	internal_source_record:not_publicly_portable	e4b2c1029f5ef065609677ff34e26a344310b8f0bced08e5aa82b0bb38d13e75	gse268881_root_xylem_uncertainty_v1						delta_ap	-0.0427996412909959	-0.0709598250101498	-0.0164345448516589	2000
sir	pooled	paired_difference	complete_minus_single									conditional_stratified_cell_bootstrap_percentile	internal_source_record:not_publicly_portable	e4b2c1029f5ef065609677ff34e26a344310b8f0bced08e5aa82b0bb38d13e75	gse268881_root_xylem_uncertainty_v1						delta_smd	0.0434939994239283	-0.0112319139261428	0.108969228645484	2000
sir	R1	paired_difference	complete_minus_single									conditional_stratified_cell_bootstrap_percentile	internal_source_record:not_publicly_portable	e4b2c1029f5ef065609677ff34e26a344310b8f0bced08e5aa82b0bb38d13e75	gse268881_root_xylem_uncertainty_v1						delta_auc	0.00215850302268283	-0.0126488106823516	0.0181798165369748	2000
sir	R1	paired_difference	complete_minus_single									conditional_stratified_cell_bootstrap_percentile	internal_source_record:not_publicly_portable	e4b2c1029f5ef065609677ff34e26a344310b8f0bced08e5aa82b0bb38d13e75	gse268881_root_xylem_uncertainty_v1						delta_ap	-0.0384619375320583	-0.0821178626797314	0.00851623623497716	2000
sir	R1	paired_difference	complete_minus_single									conditional_stratified_cell_bootstrap_percentile	internal_source_record:not_publicly_portable	e4b2c1029f5ef065609677ff34e26a344310b8f0bced08e5aa82b0bb38d13e75	gse268881_root_xylem_uncertainty_v1						delta_smd	0.0418203678537805	-0.0392670770833816	0.132861193749316	2000
sir	R2	paired_difference	complete_minus_single									conditional_stratified_cell_bootstrap_percentile	internal_source_record:not_publicly_portable	e4b2c1029f5ef065609677ff34e26a344310b8f0bced08e5aa82b0bb38d13e75	gse268881_root_xylem_uncertainty_v1						delta_auc	-0.0137848576810603	-0.0223366300047358	-0.00430089258599341	2000
sir	R2	paired_difference	complete_minus_single									conditional_stratified_cell_bootstrap_percentile	internal_source_record:not_publicly_portable	e4b2c1029f5ef065609677ff34e26a344310b8f0bced08e5aa82b0bb38d13e75	gse268881_root_xylem_uncertainty_v1						delta_ap	-0.0399257635767707	-0.0727260932348078	-0.00910511862571473	2000
sir	R2	paired_difference	complete_minus_single									conditional_stratified_cell_bootstrap_percentile	internal_source_record:not_publicly_portable	e4b2c1029f5ef065609677ff34e26a344310b8f0bced08e5aa82b0bb38d13e75	gse268881_root_xylem_uncertainty_v1						delta_smd	0.0349222624903467	-0.0504103432172319	0.13821065206829	2000
