output_file	sha256
audit.json	0b1ddec3d9057a2911a3acdb15f49a3eeda5ab0c944102bb648efd88700e480c
build_manuscript_supplement_tables_v1.py	389d7f247f342020c567bde9cee6885d314843ba70a2d0fb4147b54a547985a6
field_dictionary.tsv	5c4081c4bb33a4cfc3166d7b5cc7f3d0c3e6408a9ff4040f5636423f12543d7b
input_source_manifest.tsv	5f48c60b9bf52ad47a1aafb63c2164deb1df646179d24267d0d03783c401e996
README.md	28a6281f36dffd5b68d31a7ffdaabf342fd5f635f0046c5445592398fcf2fb24
STATUS	62a7b250ae62081a6e44a968213d710d3164e9445b17f08b32d691bae4146007
Table_S1_dataset_inventory.tsv	6de7c65c5e2af96fc44c562e82dfd00156770e61e4d3d65b09547bcc02bf3e94
Table_S4_xylem_orthogroup_program.tsv	a16dfc9f73473aa8be7ea749e1d840de26f04090245e8ca9c2ea23e521f08c9d
Table_S5_replicate_metrics_controls_exclusions.tsv	893ab1d24e096a2bf2b1236894f8eb71b81f949fbfe169308fc5149d62a03971
