record_id	validation_stage	source_table	species	cohort	contrast_id	panel	coarse_label	role	endpoint_status	eligibility	record_scope	replicate	record_type	comparator	estimand	mapped_orthogroups	positive_cells	negative_cells	auroc	auroc_lower_95	auroc_upper_95	average_precision	ap_lower_95	ap_upper_95	smd	smd_lower_95	smd_upper_95	empirical_p	positive_replicate_directions	required_positive_replicate_directions	single_gene_auroc	family_minus_single_auroc	estimate	lower_95	upper_95	interval_type	bootstrap_n	random_programs	random_auc_median	random_auc_q95	exclusion_reason	note	source_path	source_sha256	provenance_version	gap_flags
rice_endpoint_01	second_round_v2_1	table2_endpoints.tsv	Oryza sativa	GSE232863	rice_leaf_photosynthetic_v1	leaf	photosynthetic_ground_tissue	primary	primary_pass		pooled					30	12030	5400	0.839556971768111			0.895059626745744			1.47507101283813			0.00199600798403194	4	3													independent_program_validation_summary_v2_1.tsv	cb1d6e8d564be8b96279e4e1e1d974f79ce1ee153b8a39662ddd95827f814b63	independent_program_validation_v2_1	rice_v2_1_replicate_level_rows_not_available_from_frozen_authority;direction_count_only_no_replicate_rows_invented
rice_endpoint_02	second_round_v2_1	table2_endpoints.tsv	Oryza sativa	GSE232863	rice_leaf_epidermal_v1	leaf	epidermal_system	primary	primary_fail		pooled					8	4507	12923	0.572534627238007			0.426931784166048			0.466436068549112			0.0279441117764471	4	3													independent_program_validation_summary_v2_1.tsv	cb1d6e8d564be8b96279e4e1e1d974f79ce1ee153b8a39662ddd95827f814b63	independent_program_validation_v2_1	rice_v2_1_replicate_level_rows_not_available_from_frozen_authority;direction_count_only_no_replicate_rows_invented
rice_endpoint_03	second_round_v2_1	table2_endpoints.tsv	Oryza sativa	GSE232863	rice_root_epidermal_v1	root	epidermal_system	primary	primary_pass		pooled					5	13497	8591	0.649108563009475			0.731887574148573			0.522001538465097			0.00199600798403194	2	2													independent_program_validation_summary_v2_1.tsv	cb1d6e8d564be8b96279e4e1e1d974f79ce1ee153b8a39662ddd95827f814b63	independent_program_validation_v2_1	rice_v2_1_replicate_level_rows_not_available_from_frozen_authority;direction_count_only_no_replicate_rows_invented
rice_endpoint_04	second_round_v2_1	table2_endpoints.tsv	Oryza sativa	GSE232863	rice_root_ground_v1	root	ground_tissue	primary	primary_pass		pooled					8	4111	17977	0.716434052122088			0.352882743788773			0.79807182088319			0.00598802395209581	2	2													independent_program_validation_summary_v2_1.tsv	cb1d6e8d564be8b96279e4e1e1d974f79ce1ee153b8a39662ddd95827f814b63	independent_program_validation_v2_1	rice_v2_1_replicate_level_rows_not_available_from_frozen_authority;direction_count_only_no_replicate_rows_invented
rice_endpoint_05	second_round_v2_1	table2_endpoints.tsv	Oryza sativa	GSE232863	rice_root_stele_v1	root	stele_lineage	primary	primary_fail		pooled					14	3577	18511	0.533478163562978			0.210034777435193			0.147673534555227			0.0359281437125749	1	2													independent_program_validation_summary_v2_1.tsv	cb1d6e8d564be8b96279e4e1e1d974f79ce1ee153b8a39662ddd95827f814b63	independent_program_validation_v2_1	rice_v2_1_replicate_level_rows_not_available_from_frozen_authority;direction_count_only_no_replicate_rows_invented
rice_endpoint_06	second_round_v2_1	table2_endpoints.tsv	Oryza sativa	GSE232863	rice_root_cap_v1	root	root_cap	sensitivity_only_one_candidate_orthogroup	sensitivity_only		pooled					1	903	21185	0.64897288585945			0.0610633962426489			0.549563931578324			0.0119760479041916	2	2													independent_program_validation_summary_v2_1.tsv	cb1d6e8d564be8b96279e4e1e1d974f79ce1ee153b8a39662ddd95827f814b63	independent_program_validation_v2_1	rice_v2_1_replicate_level_rows_not_available_from_frozen_authority;direction_count_only_no_replicate_rows_invented
independent_validation_01	third_round_v3	figure2_independent_validation.tsv	moricandia		moricandia_leaf_photosynthetic_v1	leaf	photosynthetic_ground_tissue	primary	primary_pass		pooled					30	6103	1937	0.8828038141655495			0.938117750000315			1.9640875534167181			0.001996007984031936	3	3	0.7610432371970047	0.12176057696854481											validation_summary.tsv;method_advantage.tsv;method_comparison_pooled.tsv;method_comparison_by_replicate.tsv	910467374a45b2391a45d5346e8b63f08b373253f3d1b934d1f0ccc100fbcd81;6b3b0861821bdc5bdafbfcc1b54d94b62745108a89b0828e79b39386ee02c19d;cfcce9e01165f93ec89b1b9a09b18654a9acaf78f393352c3065122f293b0b18;b12643f062ca4e7e68af4d725674c92cc44a99530f1b5a7e0f4f7a6c90ad7d77	independent_program_validation_v3	pooled_summary_record_not_replicate_level
independent_validation_02	third_round_v3	figure2_independent_validation.tsv	moricandia		moricandia_leaf_photosynthetic_v1	leaf	photosynthetic_ground_tissue	primary	primary_pass		replicate	0				30	1695	557	0.8590097604635029			0.924923572708054			1.7713290797200891						0.7367089814270508	0.12230077903645209											validation_summary.tsv;method_comparison_by_replicate.tsv	910467374a45b2391a45d5346e8b63f08b373253f3d1b934d1f0ccc100fbcd81;b12643f062ca4e7e68af4d725674c92cc44a99530f1b5a7e0f4f7a6c90ad7d77	independent_program_validation_v3	
independent_validation_03	third_round_v3	figure2_independent_validation.tsv	moricandia		moricandia_leaf_photosynthetic_v1	leaf	photosynthetic_ground_tissue	primary	primary_pass		replicate	1				30	1974	638	0.8992704531956183			0.9448570935885743			2.1507543233295587						0.7982995239048064	0.10097092929081186											validation_summary.tsv;method_comparison_by_replicate.tsv	910467374a45b2391a45d5346e8b63f08b373253f3d1b934d1f0ccc100fbcd81;b12643f062ca4e7e68af4d725674c92cc44a99530f1b5a7e0f4f7a6c90ad7d77	independent_program_validation_v3	
independent_validation_04	third_round_v3	figure2_independent_validation.tsv	moricandia		moricandia_leaf_photosynthetic_v1	leaf	photosynthetic_ground_tissue	primary	primary_pass		replicate	2				30	2434	742	0.885049401227445			0.9406770061362959			1.9656787771241966						0.7473527542208648	0.13769664700658024											validation_summary.tsv;method_comparison_by_replicate.tsv	910467374a45b2391a45d5346e8b63f08b373253f3d1b934d1f0ccc100fbcd81;b12643f062ca4e7e68af4d725674c92cc44a99530f1b5a7e0f4f7a6c90ad7d77	independent_program_validation_v3	
independent_validation_05	third_round_v3	figure2_independent_validation.tsv	moricandia		moricandia_leaf_epidermal_v1	leaf	epidermal_system	primary	primary_pass		pooled					7	1558	8227	0.9581707387288763			0.9391062988728834			2.2387984962926684			0.001996007984031936	3	3	0.801263272112099	0.15690746661677724											validation_summary.tsv;method_advantage.tsv;method_comparison_pooled.tsv;method_comparison_by_replicate.tsv	910467374a45b2391a45d5346e8b63f08b373253f3d1b934d1f0ccc100fbcd81;6b3b0861821bdc5bdafbfcc1b54d94b62745108a89b0828e79b39386ee02c19d;cfcce9e01165f93ec89b1b9a09b18654a9acaf78f393352c3065122f293b0b18;b12643f062ca4e7e68af4d725674c92cc44a99530f1b5a7e0f4f7a6c90ad7d77	independent_program_validation_v3	pooled_summary_record_not_replicate_level
independent_validation_06	third_round_v3	figure2_independent_validation.tsv	moricandia		moricandia_leaf_epidermal_v1	leaf	epidermal_system	primary	primary_pass		replicate	0				7	461	2288	0.9396758339274608			0.91292704064398			2.009820363597222						0.7639623120913793	0.17571352183608147											validation_summary.tsv;method_comparison_by_replicate.tsv	910467374a45b2391a45d5346e8b63f08b373253f3d1b934d1f0ccc100fbcd81;b12643f062ca4e7e68af4d725674c92cc44a99530f1b5a7e0f4f7a6c90ad7d77	independent_program_validation_v3	
independent_validation_07	third_round_v3	figure2_independent_validation.tsv	moricandia		moricandia_leaf_epidermal_v1	leaf	epidermal_system	primary	primary_pass		replicate	1				7	530	2673	0.9685968701691973			0.9539644951072553			2.4391775440693975						0.8329888684186378	0.13560800175055943											validation_summary.tsv;method_comparison_by_replicate.tsv	910467374a45b2391a45d5346e8b63f08b373253f3d1b934d1f0ccc100fbcd81;b12643f062ca4e7e68af4d725674c92cc44a99530f1b5a7e0f4f7a6c90ad7d77	independent_program_validation_v3	
independent_validation_08	third_round_v3	figure2_independent_validation.tsv	moricandia		moricandia_leaf_epidermal_v1	leaf	epidermal_system	primary	primary_pass		replicate	2				7	567	3266	0.9633280088475026			0.9381812296577143			2.282742052160685						0.8020149884816143	0.16131302036588824											validation_summary.tsv;method_comparison_by_replicate.tsv	910467374a45b2391a45d5346e8b63f08b373253f3d1b934d1f0ccc100fbcd81;b12643f062ca4e7e68af4d725674c92cc44a99530f1b5a7e0f4f7a6c90ad7d77	independent_program_validation_v3	
independent_validation_09	third_round_v3	figure2_independent_validation.tsv	wheat		wheat_root_stele_v1	root	stele_lineage	primary	primary_fail		pooled					10	1387	2989	0.5797483104958508			0.4108329231706001			0.30914478018410796			0.023952095808383235	3	3	0.5	0.07974831049585085											validation_summary.tsv;method_advantage.tsv;method_comparison_pooled.tsv;method_comparison_by_replicate.tsv	910467374a45b2391a45d5346e8b63f08b373253f3d1b934d1f0ccc100fbcd81;6b3b0861821bdc5bdafbfcc1b54d94b62745108a89b0828e79b39386ee02c19d;cfcce9e01165f93ec89b1b9a09b18654a9acaf78f393352c3065122f293b0b18;b12643f062ca4e7e68af4d725674c92cc44a99530f1b5a7e0f4f7a6c90ad7d77	independent_program_validation_v3	pooled_summary_record_not_replicate_level
independent_validation_10	third_round_v3	figure2_independent_validation.tsv	wheat		wheat_root_stele_v1	root	stele_lineage	primary	primary_fail		replicate	wheat-root-1				10	371	708	0.571927299861422			0.44536535649528847			0.2959990086790402						0.5	0.07192729986142199											validation_summary.tsv;method_comparison_by_replicate.tsv	910467374a45b2391a45d5346e8b63f08b373253f3d1b934d1f0ccc100fbcd81;b12643f062ca4e7e68af4d725674c92cc44a99530f1b5a7e0f4f7a6c90ad7d77	independent_program_validation_v3	
independent_validation_11	third_round_v3	figure2_independent_validation.tsv	wheat		wheat_root_stele_v1	root	stele_lineage	primary	primary_fail		replicate	wheat-root-2				10	557	1293	0.6129316676872151			0.4279924306493513			0.37091183158943347						0.5	0.11293166768721508											validation_summary.tsv;method_comparison_by_replicate.tsv	910467374a45b2391a45d5346e8b63f08b373253f3d1b934d1f0ccc100fbcd81;b12643f062ca4e7e68af4d725674c92cc44a99530f1b5a7e0f4f7a6c90ad7d77	independent_program_validation_v3	
independent_validation_12	third_round_v3	figure2_independent_validation.tsv	wheat		wheat_root_stele_v1	root	stele_lineage	primary	primary_fail		replicate	wheat-root-3				10	459	988	0.5975099891508561			0.42131231405892483			0.3923145053691902						0.5	0.09750998915085607											validation_summary.tsv;method_comparison_by_replicate.tsv	910467374a45b2391a45d5346e8b63f08b373253f3d1b934d1f0ccc100fbcd81;b12643f062ca4e7e68af4d725674c92cc44a99530f1b5a7e0f4f7a6c90ad7d77	independent_program_validation_v3	
independent_validation_13	third_round_v3	figure2_independent_validation.tsv	wheat		wheat_root_xylem_v1	vascular	xylem_lineage	sensitivity_sparse_replicates	sensitivity_support_not_primary		pooled					16	263	2989	0.8814817830142716			0.6146366547158286			1.580936316661677			0.001996007984031936	3	3	0.5	0.3814817830142716											validation_summary.tsv;method_advantage.tsv;method_comparison_pooled.tsv;method_comparison_by_replicate.tsv	910467374a45b2391a45d5346e8b63f08b373253f3d1b934d1f0ccc100fbcd81;6b3b0861821bdc5bdafbfcc1b54d94b62745108a89b0828e79b39386ee02c19d;cfcce9e01165f93ec89b1b9a09b18654a9acaf78f393352c3065122f293b0b18;b12643f062ca4e7e68af4d725674c92cc44a99530f1b5a7e0f4f7a6c90ad7d77	independent_program_validation_v3	pooled_summary_record_not_replicate_level
independent_validation_14	third_round_v3	figure2_independent_validation.tsv	wheat		wheat_root_xylem_v1	vascular	xylem_lineage	sensitivity_sparse_replicates	sensitivity_support_not_primary		replicate	wheat-root-1				16	59	708	0.9663171502441827			0.8691414592409114			2.9211465512872223						0.5	0.46631715024418274											validation_summary.tsv;method_comparison_by_replicate.tsv	910467374a45b2391a45d5346e8b63f08b373253f3d1b934d1f0ccc100fbcd81;b12643f062ca4e7e68af4d725674c92cc44a99530f1b5a7e0f4f7a6c90ad7d77	independent_program_validation_v3	
independent_validation_15	third_round_v3	figure2_independent_validation.tsv	wheat		wheat_root_xylem_v1	vascular	xylem_lineage	sensitivity_sparse_replicates	sensitivity_support_not_primary		replicate	wheat-root-2				16	135	1293	0.8575635186617399			0.5640962637075865			1.3515463106682366						0.5	0.35756351866173985											validation_summary.tsv;method_comparison_by_replicate.tsv	910467374a45b2391a45d5346e8b63f08b373253f3d1b934d1f0ccc100fbcd81;b12643f062ca4e7e68af4d725674c92cc44a99530f1b5a7e0f4f7a6c90ad7d77	independent_program_validation_v3	
independent_validation_16	third_round_v3	figure2_independent_validation.tsv	wheat		wheat_root_xylem_v1	vascular	xylem_lineage	sensitivity_sparse_replicates	sensitivity_support_not_primary		replicate	wheat-root-3				16	69	988	0.8649738895734319			0.5697561955801556			1.4581671832550955						0.5	0.3649738895734319											validation_summary.tsv;method_comparison_by_replicate.tsv	910467374a45b2391a45d5346e8b63f08b373253f3d1b934d1f0ccc100fbcd81;b12643f062ca4e7e68af4d725674c92cc44a99530f1b5a7e0f4f7a6c90ad7d77	independent_program_validation_v3	
prospective_xylem_01	prospective_v1_1	figure3_prospective_xylem.tsv	esa		gse268881_esa_xylem	vascular	xylem	primary	primary_pass	eligible	pooled					16	221	15160	0.894943826932031	0.871719867417233	0.917295126493869	0.401197035141741	0.34215889722433	0.462717727977985	1.5057045760467	1.36486066092544	1.67274111542847	0.00199600798403194								conditional_stratified_cell_bootstrap_percentile	2000						validation_summary.tsv;conditional_bootstrap_intervals.tsv	ddbf41e4f41ca573baab5f53a53116731b614001fe040794f77e9d97df499447;e4b2c1029f5ef065609677ff34e26a344310b8f0bced08e5aa82b0bb38d13e75	gse268881_root_xylem_validation_v1_1+uncertainty_v1	pooled_summary_record_not_replicate_level
prospective_xylem_02	prospective_v1_1	figure3_prospective_xylem.tsv	sir		gse268881_sir_xylem	vascular	xylem	primary	primary_pass	eligible	pooled					16	224	17675	0.925660486967064	0.901351062083249	0.949529952389372	0.676476238369659	0.619906600426385	0.733153531997	1.81901347279272	1.65984704875318	2.00812928527286	0.00199600798403194								conditional_stratified_cell_bootstrap_percentile	2000						validation_summary.tsv;conditional_bootstrap_intervals.tsv	ddbf41e4f41ca573baab5f53a53116731b614001fe040794f77e9d97df499447;e4b2c1029f5ef065609677ff34e26a344310b8f0bced08e5aa82b0bb38d13e75	gse268881_root_xylem_validation_v1_1+uncertainty_v1	pooled_summary_record_not_replicate_level
prospective_xylem_03	prospective_v1_1	figure3_prospective_xylem.tsv	esa		gse268881_esa_xylem	vascular	xylem	primary	primary_pass	eligible	replicate	R1					118	7615	0.877987246402618	0.84686053952391	0.907659712098111	0.295604439985078	0.21632750008507	0.380125518068508	1.36696202029369	1.20352292946628	1.57485049851352									conditional_stratified_cell_bootstrap_percentile	2000						method_comparison_by_replicate.tsv;conditional_bootstrap_intervals.tsv	9bb6a7d91aafe6ec9af08ac4722e4111424b653c44443467524b0757b2c30a13;e4b2c1029f5ef065609677ff34e26a344310b8f0bced08e5aa82b0bb38d13e75	gse268881_root_xylem_validation_v1_1+uncertainty_v1	
prospective_xylem_04	prospective_v1_1	figure3_prospective_xylem.tsv	esa		gse268881_esa_xylem	vascular	xylem	primary	primary_pass	eligible	replicate	R2					103	7545	0.919370508341536	0.88188836238234	0.951745160107317	0.523768301288762	0.429164661061938	0.611075166557099	1.76894358038013	1.53714030581394	2.06114320054559									conditional_stratified_cell_bootstrap_percentile	2000						method_comparison_by_replicate.tsv;conditional_bootstrap_intervals.tsv	9bb6a7d91aafe6ec9af08ac4722e4111424b653c44443467524b0757b2c30a13;e4b2c1029f5ef065609677ff34e26a344310b8f0bced08e5aa82b0bb38d13e75	gse268881_root_xylem_validation_v1_1+uncertainty_v1	
prospective_xylem_05	prospective_v1_1	figure3_prospective_xylem.tsv	sir		gse268881_sir_xylem	vascular	xylem	primary	primary_pass	eligible	replicate	R1					106	9694	0.914855911651245	0.873527281512392	0.950122182170648	0.616376003697104	0.52429914967669	0.703200437736622	1.62558103512988	1.41292658428869	1.87748162319489									conditional_stratified_cell_bootstrap_percentile	2000						method_comparison_by_replicate.tsv;conditional_bootstrap_intervals.tsv	9bb6a7d91aafe6ec9af08ac4722e4111424b653c44443467524b0757b2c30a13;e4b2c1029f5ef065609677ff34e26a344310b8f0bced08e5aa82b0bb38d13e75	gse268881_root_xylem_validation_v1_1+uncertainty_v1	
prospective_xylem_06	prospective_v1_1	figure3_prospective_xylem.tsv	sir		gse268881_sir_xylem	vascular	xylem	primary	primary_pass	eligible	replicate	R2					118	7981	0.936525625479157	0.904762064670542	0.964878025989692	0.741845163332945	0.670272807307926	0.812289596684045	2.02696052199159	1.79396187006424	2.32212997677057									conditional_stratified_cell_bootstrap_percentile	2000						method_comparison_by_replicate.tsv;conditional_bootstrap_intervals.tsv	9bb6a7d91aafe6ec9af08ac4722e4111424b653c44443467524b0757b2c30a13;e4b2c1029f5ef065609677ff34e26a344310b8f0bced08e5aa82b0bb38d13e75	gse268881_root_xylem_validation_v1_1+uncertainty_v1	
prospective_xylem_07	prospective_v1_1	figure3_prospective_xylem.tsv	spa		gse268881_spa_xylem	vascular	xylem	primary	excluded_before_scoring	ineligible	replicate	R1					57	6225																							R1 has 57 xylem cells, below frozen minimum 100; pooling or relabelling prohibited		gse268881_three_species_expression_blind_eligibility_v1.md	8b49a4a66098cae5cbadbf065c5d214591165f20e400ab60777b3570c9b60ab6	gse268881_expression_blind_eligibility_v1	metrics_intentionally_blank_endpoint_excluded_before_scoring
prospective_xylem_08	prospective_v1_1	figure3_prospective_xylem.tsv	spa		gse268881_spa_xylem	vascular	xylem	primary	excluded_before_scoring	ineligible	replicate	R2					107	6238																							R1 has 57 xylem cells, below frozen minimum 100; pooling or relabelling prohibited		gse268881_three_species_expression_blind_eligibility_v1.md	8b49a4a66098cae5cbadbf065c5d214591165f20e400ab60777b3570c9b60ab6	gse268881_expression_blind_eligibility_v1	metrics_intentionally_blank_endpoint_excluded_before_scoring
control_comparator_01	prospective_controls_v1_1	figure4_controls_comparators.tsv	esa		gse268881_esa_xylem	vascular	xylem				pooled		method	mapped_member_program		16	221	15160	0.894943826932031	0.871719867417233	0.917295126493869	0.401197035141741			1.5057045760467											conditional_stratified_cell_bootstrap_percentile							method_comparison_pooled.tsv;conditional_bootstrap_intervals.tsv	5ab3b0877252d7f439f90c58072d52ae0e607a9d68b99d2e8a29c83791c92fb9;e4b2c1029f5ef065609677ff34e26a344310b8f0bced08e5aa82b0bb38d13e75	gse268881_root_xylem_validation_v1_1	pooled_summary_record_not_replicate_level
control_comparator_02	prospective_controls_v1_1	figure4_controls_comparators.tsv	esa		gse268881_esa_xylem	vascular	xylem				pooled		method	single_gene		16	221	15160	0.858878150407717	0.828494456565862	0.889305888023974	0.422559123255399			1.39248599693189											conditional_stratified_cell_bootstrap_percentile							method_comparison_pooled.tsv;conditional_bootstrap_intervals.tsv	5ab3b0877252d7f439f90c58072d52ae0e607a9d68b99d2e8a29c83791c92fb9;e4b2c1029f5ef065609677ff34e26a344310b8f0bced08e5aa82b0bb38d13e75	gse268881_root_xylem_validation_v1_1	pooled_summary_record_not_replicate_level
control_comparator_03	prospective_controls_v1_1	figure4_controls_comparators.tsv	esa		gse268881_esa_xylem	vascular	xylem				pooled		method	anti_circular		11	221	15160	0.889033268066715			0.367884011503026			1.49883986604245																		method_comparison_pooled.tsv;conditional_bootstrap_intervals.tsv	5ab3b0877252d7f439f90c58072d52ae0e607a9d68b99d2e8a29c83791c92fb9;e4b2c1029f5ef065609677ff34e26a344310b8f0bced08e5aa82b0bb38d13e75	gse268881_root_xylem_validation_v1_1	pooled_summary_record_not_replicate_level
control_comparator_04	prospective_controls_v1_1	figure4_controls_comparators.tsv	esa		gse268881_esa_xylem	vascular	xylem				pooled		method	phloem_off_target		10	221	15160	0.4914179371769			0.012895162954401			-0.10287478831583																		method_comparison_pooled.tsv;conditional_bootstrap_intervals.tsv	5ab3b0877252d7f439f90c58072d52ae0e607a9d68b99d2e8a29c83791c92fb9;e4b2c1029f5ef065609677ff34e26a344310b8f0bced08e5aa82b0bb38d13e75	gse268881_root_xylem_validation_v1_1	pooled_summary_record_not_replicate_level
control_comparator_05	prospective_controls_v1_1	figure4_controls_comparators.tsv	esa		gse268881_esa_xylem	vascular	xylem				pooled		method	equal_weight		16	221	15160	0.897230745352738			0.472350313723494			1.69332506594161																		method_comparison_pooled.tsv;conditional_bootstrap_intervals.tsv	5ab3b0877252d7f439f90c58072d52ae0e607a9d68b99d2e8a29c83791c92fb9;e4b2c1029f5ef065609677ff34e26a344310b8f0bced08e5aa82b0bb38d13e75	gse268881_root_xylem_validation_v1_1	pooled_summary_record_not_replicate_level
control_comparator_06	prospective_controls_v1_1	figure4_controls_comparators.tsv	sir		gse268881_sir_xylem	vascular	xylem				pooled		method	mapped_member_program		16	224	17675	0.925660486967064	0.901351062083249	0.949529952389372	0.676476238369659			1.81901347279272											conditional_stratified_cell_bootstrap_percentile							method_comparison_pooled.tsv;conditional_bootstrap_intervals.tsv	5ab3b0877252d7f439f90c58072d52ae0e607a9d68b99d2e8a29c83791c92fb9;e4b2c1029f5ef065609677ff34e26a344310b8f0bced08e5aa82b0bb38d13e75	gse268881_root_xylem_validation_v1_1	pooled_summary_record_not_replicate_level
control_comparator_07	prospective_controls_v1_1	figure4_controls_comparators.tsv	sir		gse268881_sir_xylem	vascular	xylem				pooled		method	single_gene		15	224	17675	0.931443978581532	0.908737516417458	0.953473031167913	0.719275879660655			1.77551947336879											conditional_stratified_cell_bootstrap_percentile							method_comparison_pooled.tsv;conditional_bootstrap_intervals.tsv	5ab3b0877252d7f439f90c58072d52ae0e607a9d68b99d2e8a29c83791c92fb9;e4b2c1029f5ef065609677ff34e26a344310b8f0bced08e5aa82b0bb38d13e75	gse268881_root_xylem_validation_v1_1	pooled_summary_record_not_replicate_level
control_comparator_08	prospective_controls_v1_1	figure4_controls_comparators.tsv	sir		gse268881_sir_xylem	vascular	xylem				pooled		method	anti_circular		11	224	17675	0.919838603758335			0.639579370238789			1.79577772673638																		method_comparison_pooled.tsv;conditional_bootstrap_intervals.tsv	5ab3b0877252d7f439f90c58072d52ae0e607a9d68b99d2e8a29c83791c92fb9;e4b2c1029f5ef065609677ff34e26a344310b8f0bced08e5aa82b0bb38d13e75	gse268881_root_xylem_validation_v1_1	pooled_summary_record_not_replicate_level
control_comparator_09	prospective_controls_v1_1	figure4_controls_comparators.tsv	sir		gse268881_sir_xylem	vascular	xylem				pooled		method	phloem_off_target		10	224	17675	0.436108304708022			0.0100933717665831			-0.249647917435997																		method_comparison_pooled.tsv;conditional_bootstrap_intervals.tsv	5ab3b0877252d7f439f90c58072d52ae0e607a9d68b99d2e8a29c83791c92fb9;e4b2c1029f5ef065609677ff34e26a344310b8f0bced08e5aa82b0bb38d13e75	gse268881_root_xylem_validation_v1_1	pooled_summary_record_not_replicate_level
control_comparator_10	prospective_controls_v1_1	figure4_controls_comparators.tsv	sir		gse268881_sir_xylem	vascular	xylem				pooled		method	equal_weight		16	224	17675	0.924592089310972			0.68304657630282			2.01563503122077																		method_comparison_pooled.tsv;conditional_bootstrap_intervals.tsv	5ab3b0877252d7f439f90c58072d52ae0e607a9d68b99d2e8a29c83791c92fb9;e4b2c1029f5ef065609677ff34e26a344310b8f0bced08e5aa82b0bb38d13e75	gse268881_root_xylem_validation_v1_1	pooled_summary_record_not_replicate_level
control_comparator_11	prospective_controls_v1_1	figure4_controls_comparators.tsv	esa		gse268881_esa_xylem	vascular	xylem				R1	R1	method	mapped_member_program			118	7615	0.877987246402618	0.84686053952391	0.907659712098111	0.295604439985078			1.36696202029369											conditional_stratified_cell_bootstrap_percentile							method_comparison_by_replicate.tsv;conditional_bootstrap_intervals.tsv	9bb6a7d91aafe6ec9af08ac4722e4111424b653c44443467524b0757b2c30a13;e4b2c1029f5ef065609677ff34e26a344310b8f0bced08e5aa82b0bb38d13e75	gse268881_root_xylem_validation_v1_1	
control_comparator_12	prospective_controls_v1_1	figure4_controls_comparators.tsv	esa		gse268881_esa_xylem	vascular	xylem				R2	R2	method	mapped_member_program			103	7545	0.919370508341536	0.88188836238234	0.951745160107317	0.523768301288762			1.76894358038013											conditional_stratified_cell_bootstrap_percentile							method_comparison_by_replicate.tsv;conditional_bootstrap_intervals.tsv	9bb6a7d91aafe6ec9af08ac4722e4111424b653c44443467524b0757b2c30a13;e4b2c1029f5ef065609677ff34e26a344310b8f0bced08e5aa82b0bb38d13e75	gse268881_root_xylem_validation_v1_1	
control_comparator_13	prospective_controls_v1_1	figure4_controls_comparators.tsv	esa		gse268881_esa_xylem	vascular	xylem				R1	R1	method	single_gene			118	7615	0.832310226248372	0.789668751460654	0.870540024705922	0.326532647638835			1.23917421824707											conditional_stratified_cell_bootstrap_percentile							method_comparison_by_replicate.tsv;conditional_bootstrap_intervals.tsv	9bb6a7d91aafe6ec9af08ac4722e4111424b653c44443467524b0757b2c30a13;e4b2c1029f5ef065609677ff34e26a344310b8f0bced08e5aa82b0bb38d13e75	gse268881_root_xylem_validation_v1_1	
control_comparator_14	prospective_controls_v1_1	figure4_controls_comparators.tsv	esa		gse268881_esa_xylem	vascular	xylem				R2	R2	method	single_gene			103	7545	0.893552600256069	0.849570537937424	0.931078641420088	0.533163425545876			1.65269930606854											conditional_stratified_cell_bootstrap_percentile							method_comparison_by_replicate.tsv;conditional_bootstrap_intervals.tsv	9bb6a7d91aafe6ec9af08ac4722e4111424b653c44443467524b0757b2c30a13;e4b2c1029f5ef065609677ff34e26a344310b8f0bced08e5aa82b0bb38d13e75	gse268881_root_xylem_validation_v1_1	
control_comparator_15	prospective_controls_v1_1	figure4_controls_comparators.tsv	esa		gse268881_esa_xylem	vascular	xylem				R1	R1	method	anti_circular			118	7615	0.87608978710618			0.282289679264023			1.36197332514783																		method_comparison_by_replicate.tsv;conditional_bootstrap_intervals.tsv	9bb6a7d91aafe6ec9af08ac4722e4111424b653c44443467524b0757b2c30a13;e4b2c1029f5ef065609677ff34e26a344310b8f0bced08e5aa82b0bb38d13e75	gse268881_root_xylem_validation_v1_1	
control_comparator_16	prospective_controls_v1_1	figure4_controls_comparators.tsv	esa		gse268881_esa_xylem	vascular	xylem				R2	R2	method	anti_circular			103	7545	0.908270763766913			0.469653244800051			1.72623124973457																		method_comparison_by_replicate.tsv;conditional_bootstrap_intervals.tsv	9bb6a7d91aafe6ec9af08ac4722e4111424b653c44443467524b0757b2c30a13;e4b2c1029f5ef065609677ff34e26a344310b8f0bced08e5aa82b0bb38d13e75	gse268881_root_xylem_validation_v1_1	
control_comparator_17	prospective_controls_v1_1	figure4_controls_comparators.tsv	esa		gse268881_esa_xylem	vascular	xylem				R1	R1	method	phloem_off_target			118	7615	0.516305908276484			0.0148888910741744			-0.0182531595292461																		method_comparison_by_replicate.tsv;conditional_bootstrap_intervals.tsv	9bb6a7d91aafe6ec9af08ac4722e4111424b653c44443467524b0757b2c30a13;e4b2c1029f5ef065609677ff34e26a344310b8f0bced08e5aa82b0bb38d13e75	gse268881_root_xylem_validation_v1_1	
control_comparator_18	prospective_controls_v1_1	figure4_controls_comparators.tsv	esa		gse268881_esa_xylem	vascular	xylem				R2	R2	method	phloem_off_target			103	7545	0.466422178900706			0.0114441720164617			-0.173834522396713																		method_comparison_by_replicate.tsv;conditional_bootstrap_intervals.tsv	9bb6a7d91aafe6ec9af08ac4722e4111424b653c44443467524b0757b2c30a13;e4b2c1029f5ef065609677ff34e26a344310b8f0bced08e5aa82b0bb38d13e75	gse268881_root_xylem_validation_v1_1	
control_comparator_19	prospective_controls_v1_1	figure4_controls_comparators.tsv	esa		gse268881_esa_xylem	vascular	xylem				R1	R1	method	equal_weight			118	7615	0.879080650366694			0.323682802716803			1.56201153499104																		method_comparison_by_replicate.tsv;conditional_bootstrap_intervals.tsv	9bb6a7d91aafe6ec9af08ac4722e4111424b653c44443467524b0757b2c30a13;e4b2c1029f5ef065609677ff34e26a344310b8f0bced08e5aa82b0bb38d13e75	gse268881_root_xylem_validation_v1_1	
control_comparator_20	prospective_controls_v1_1	figure4_controls_comparators.tsv	esa		gse268881_esa_xylem	vascular	xylem				R2	R2	method	equal_weight			103	7545	0.920497725620388			0.614475706445361			2.0127058066187																		method_comparison_by_replicate.tsv;conditional_bootstrap_intervals.tsv	9bb6a7d91aafe6ec9af08ac4722e4111424b653c44443467524b0757b2c30a13;e4b2c1029f5ef065609677ff34e26a344310b8f0bced08e5aa82b0bb38d13e75	gse268881_root_xylem_validation_v1_1	
control_comparator_21	prospective_controls_v1_1	figure4_controls_comparators.tsv	sir		gse268881_sir_xylem	vascular	xylem				R1	R1	method	mapped_member_program			106	9694	0.914855911651245	0.873527281512392	0.950122182170648	0.616376003697104			1.62558103512988											conditional_stratified_cell_bootstrap_percentile							method_comparison_by_replicate.tsv;conditional_bootstrap_intervals.tsv	9bb6a7d91aafe6ec9af08ac4722e4111424b653c44443467524b0757b2c30a13;e4b2c1029f5ef065609677ff34e26a344310b8f0bced08e5aa82b0bb38d13e75	gse268881_root_xylem_validation_v1_1	
control_comparator_22	prospective_controls_v1_1	figure4_controls_comparators.tsv	sir		gse268881_sir_xylem	vascular	xylem				R2	R2	method	mapped_member_program			118	7981	0.936525625479157	0.904762064670542	0.964878025989692	0.741845163332945			2.02696052199159											conditional_stratified_cell_bootstrap_percentile							method_comparison_by_replicate.tsv;conditional_bootstrap_intervals.tsv	9bb6a7d91aafe6ec9af08ac4722e4111424b653c44443467524b0757b2c30a13;e4b2c1029f5ef065609677ff34e26a344310b8f0bced08e5aa82b0bb38d13e75	gse268881_root_xylem_validation_v1_1	
control_comparator_23	prospective_controls_v1_1	figure4_controls_comparators.tsv	sir		gse268881_sir_xylem	vascular	xylem				R1	R1	method	single_gene			106	9694	0.912697408628562	0.873997714497589	0.945659820215578	0.654837941229162			1.5837606672761											conditional_stratified_cell_bootstrap_percentile							method_comparison_by_replicate.tsv;conditional_bootstrap_intervals.tsv	9bb6a7d91aafe6ec9af08ac4722e4111424b653c44443467524b0757b2c30a13;e4b2c1029f5ef065609677ff34e26a344310b8f0bced08e5aa82b0bb38d13e75	gse268881_root_xylem_validation_v1_1	
control_comparator_24	prospective_controls_v1_1	figure4_controls_comparators.tsv	sir		gse268881_sir_xylem	vascular	xylem				R2	R2	method	single_gene			118	7981	0.950310483160217	0.924941890591851	0.973319393092493	0.781770926909716			1.99203825950125											conditional_stratified_cell_bootstrap_percentile							method_comparison_by_replicate.tsv;conditional_bootstrap_intervals.tsv	9bb6a7d91aafe6ec9af08ac4722e4111424b653c44443467524b0757b2c30a13;e4b2c1029f5ef065609677ff34e26a344310b8f0bced08e5aa82b0bb38d13e75	gse268881_root_xylem_validation_v1_1	
control_comparator_25	prospective_controls_v1_1	figure4_controls_comparators.tsv	sir		gse268881_sir_xylem	vascular	xylem				R1	R1	method	anti_circular			106	9694	0.906686104223192			0.573695666613172			1.58964437389589																		method_comparison_by_replicate.tsv;conditional_bootstrap_intervals.tsv	9bb6a7d91aafe6ec9af08ac4722e4111424b653c44443467524b0757b2c30a13;e4b2c1029f5ef065609677ff34e26a344310b8f0bced08e5aa82b0bb38d13e75	gse268881_root_xylem_validation_v1_1	
control_comparator_26	prospective_controls_v1_1	figure4_controls_comparators.tsv	sir		gse268881_sir_xylem	vascular	xylem				R2	R2	method	anti_circular			118	7981	0.933709084499415			0.708665456803312			2.01755377683559																		method_comparison_by_replicate.tsv;conditional_bootstrap_intervals.tsv	9bb6a7d91aafe6ec9af08ac4722e4111424b653c44443467524b0757b2c30a13;e4b2c1029f5ef065609677ff34e26a344310b8f0bced08e5aa82b0bb38d13e75	gse268881_root_xylem_validation_v1_1	
control_comparator_27	prospective_controls_v1_1	figure4_controls_comparators.tsv	sir		gse268881_sir_xylem	vascular	xylem				R1	R1	method	phloem_off_target			106	9694	0.476340159834327			0.00956208180812353			-0.113138289024286																		method_comparison_by_replicate.tsv;conditional_bootstrap_intervals.tsv	9bb6a7d91aafe6ec9af08ac4722e4111424b653c44443467524b0757b2c30a13;e4b2c1029f5ef065609677ff34e26a344310b8f0bced08e5aa82b0bb38d13e75	gse268881_root_xylem_validation_v1_1	
control_comparator_28	prospective_controls_v1_1	figure4_controls_comparators.tsv	sir		gse268881_sir_xylem	vascular	xylem				R2	R2	method	phloem_off_target			118	7981	0.396051321040012			0.010991787683617			-0.383376394298122																		method_comparison_by_replicate.tsv;conditional_bootstrap_intervals.tsv	9bb6a7d91aafe6ec9af08ac4722e4111424b653c44443467524b0757b2c30a13;e4b2c1029f5ef065609677ff34e26a344310b8f0bced08e5aa82b0bb38d13e75	gse268881_root_xylem_validation_v1_1	
control_comparator_29	prospective_controls_v1_1	figure4_controls_comparators.tsv	sir		gse268881_sir_xylem	vascular	xylem				R1	R1	method	equal_weight			106	9694	0.907766328909927			0.610553753874211			1.79665660619463																		method_comparison_by_replicate.tsv;conditional_bootstrap_intervals.tsv	9bb6a7d91aafe6ec9af08ac4722e4111424b653c44443467524b0757b2c30a13;e4b2c1029f5ef065609677ff34e26a344310b8f0bced08e5aa82b0bb38d13e75	gse268881_root_xylem_validation_v1_1	
control_comparator_30	prospective_controls_v1_1	figure4_controls_comparators.tsv	sir		gse268881_sir_xylem	vascular	xylem				R2	R2	method	equal_weight			118	7981	0.941014570622177			0.728698071314271			2.25014093043962																		method_comparison_by_replicate.tsv;conditional_bootstrap_intervals.tsv	9bb6a7d91aafe6ec9af08ac4722e4111424b653c44443467524b0757b2c30a13;e4b2c1029f5ef065609677ff34e26a344310b8f0bced08e5aa82b0bb38d13e75	gse268881_root_xylem_validation_v1_1	
control_comparator_31	prospective_controls_v1_1	figure4_controls_comparators.tsv	esa		gse268881_esa_xylem	vascular	xylem				pooled		random_null	random_program_null														0.00199600798403194										500	0.49771069377619104	0.5772743302212301		Median and q95 recomputed from 500 frozen draws using R-compatible type-7 quantiles	validation_summary.tsv;random_program_draws.tsv	ddbf41e4f41ca573baab5f53a53116731b614001fe040794f77e9d97df499447;b056d36388c903f1e1d26b5ed5b9d03dfd3bd2f04651affef3608f070da01b90	gse268881_root_xylem_validation_v1_1	pooled_summary_record_not_replicate_level
control_comparator_32	prospective_controls_v1_1	figure4_controls_comparators.tsv	esa		gse268881_esa_xylem	vascular	xylem				pooled		paired_difference	complete_minus_single	delta_auc																		0.0360656765243138	0.0166474684809991	0.0565799496173545	conditional_stratified_cell_bootstrap_percentile	2000						conditional_bootstrap_intervals.tsv	e4b2c1029f5ef065609677ff34e26a344310b8f0bced08e5aa82b0bb38d13e75	gse268881_root_xylem_uncertainty_v1	pooled_summary_record_not_replicate_level
control_comparator_33	prospective_controls_v1_1	figure4_controls_comparators.tsv	esa		gse268881_esa_xylem	vascular	xylem				pooled		paired_difference	complete_minus_single	delta_ap																		-0.0213620881136578	-0.060394348574666	0.0166000427762016	conditional_stratified_cell_bootstrap_percentile	2000						conditional_bootstrap_intervals.tsv	e4b2c1029f5ef065609677ff34e26a344310b8f0bced08e5aa82b0bb38d13e75	gse268881_root_xylem_uncertainty_v1	pooled_summary_record_not_replicate_level
control_comparator_34	prospective_controls_v1_1	figure4_controls_comparators.tsv	esa		gse268881_esa_xylem	vascular	xylem				pooled		paired_difference	complete_minus_single	delta_smd																		0.113218579114807	0.0202917495795764	0.21084875299014	conditional_stratified_cell_bootstrap_percentile	2000						conditional_bootstrap_intervals.tsv	e4b2c1029f5ef065609677ff34e26a344310b8f0bced08e5aa82b0bb38d13e75	gse268881_root_xylem_uncertainty_v1	pooled_summary_record_not_replicate_level
control_comparator_35	prospective_controls_v1_1	figure4_controls_comparators.tsv	esa		gse268881_esa_xylem	vascular	xylem				R1	R1	paired_difference	complete_minus_single	delta_auc																		0.0456770201542451	0.0168792637190202	0.0787789487741634	conditional_stratified_cell_bootstrap_percentile	2000						conditional_bootstrap_intervals.tsv	e4b2c1029f5ef065609677ff34e26a344310b8f0bced08e5aa82b0bb38d13e75	gse268881_root_xylem_uncertainty_v1	
control_comparator_36	prospective_controls_v1_1	figure4_controls_comparators.tsv	esa		gse268881_esa_xylem	vascular	xylem				R1	R1	paired_difference	complete_minus_single	delta_ap																		-0.0309282076537567	-0.0908471931122688	0.0292144913430246	conditional_stratified_cell_bootstrap_percentile	2000						conditional_bootstrap_intervals.tsv	e4b2c1029f5ef065609677ff34e26a344310b8f0bced08e5aa82b0bb38d13e75	gse268881_root_xylem_uncertainty_v1	
control_comparator_37	prospective_controls_v1_1	figure4_controls_comparators.tsv	esa		gse268881_esa_xylem	vascular	xylem				R1	R1	paired_difference	complete_minus_single	delta_smd																		0.127787802046626	-0.0103051268576685	0.271144057663143	conditional_stratified_cell_bootstrap_percentile	2000						conditional_bootstrap_intervals.tsv	e4b2c1029f5ef065609677ff34e26a344310b8f0bced08e5aa82b0bb38d13e75	gse268881_root_xylem_uncertainty_v1	
control_comparator_38	prospective_controls_v1_1	figure4_controls_comparators.tsv	esa		gse268881_esa_xylem	vascular	xylem				R2	R2	paired_difference	complete_minus_single	delta_auc																		0.0258179080854678	0.00477415442619364	0.0501067542962292	conditional_stratified_cell_bootstrap_percentile	2000						conditional_bootstrap_intervals.tsv	e4b2c1029f5ef065609677ff34e26a344310b8f0bced08e5aa82b0bb38d13e75	gse268881_root_xylem_uncertainty_v1	
control_comparator_39	prospective_controls_v1_1	figure4_controls_comparators.tsv	esa		gse268881_esa_xylem	vascular	xylem				R2	R2	paired_difference	complete_minus_single	delta_ap																		-0.00939512425711431	-0.06117368954345	0.0457198698075439	conditional_stratified_cell_bootstrap_percentile	2000						conditional_bootstrap_intervals.tsv	e4b2c1029f5ef065609677ff34e26a344310b8f0bced08e5aa82b0bb38d13e75	gse268881_root_xylem_uncertainty_v1	
control_comparator_40	prospective_controls_v1_1	figure4_controls_comparators.tsv	esa		gse268881_esa_xylem	vascular	xylem				R2	R2	paired_difference	complete_minus_single	delta_smd																		0.116244274311592	-0.0162946776453892	0.286894786926698	conditional_stratified_cell_bootstrap_percentile	2000						conditional_bootstrap_intervals.tsv	e4b2c1029f5ef065609677ff34e26a344310b8f0bced08e5aa82b0bb38d13e75	gse268881_root_xylem_uncertainty_v1	
control_comparator_41	prospective_controls_v1_1	figure4_controls_comparators.tsv	sir		gse268881_sir_xylem	vascular	xylem				pooled		random_null	random_program_null														0.00199600798403194										500	0.49855879975752704	0.6023192122145886		Median and q95 recomputed from 500 frozen draws using R-compatible type-7 quantiles	validation_summary.tsv;random_program_draws.tsv	ddbf41e4f41ca573baab5f53a53116731b614001fe040794f77e9d97df499447;b056d36388c903f1e1d26b5ed5b9d03dfd3bd2f04651affef3608f070da01b90	gse268881_root_xylem_validation_v1_1	pooled_summary_record_not_replicate_level
control_comparator_42	prospective_controls_v1_1	figure4_controls_comparators.tsv	sir		gse268881_sir_xylem	vascular	xylem				pooled		paired_difference	complete_minus_single	delta_auc																		-0.00578349161446756	-0.0149146260608204	0.00415010608203679	conditional_stratified_cell_bootstrap_percentile	2000						conditional_bootstrap_intervals.tsv	e4b2c1029f5ef065609677ff34e26a344310b8f0bced08e5aa82b0bb38d13e75	gse268881_root_xylem_uncertainty_v1	pooled_summary_record_not_replicate_level
control_comparator_43	prospective_controls_v1_1	figure4_controls_comparators.tsv	sir		gse268881_sir_xylem	vascular	xylem				pooled		paired_difference	complete_minus_single	delta_ap																		-0.0427996412909959	-0.0709598250101498	-0.0164345448516589	conditional_stratified_cell_bootstrap_percentile	2000						conditional_bootstrap_intervals.tsv	e4b2c1029f5ef065609677ff34e26a344310b8f0bced08e5aa82b0bb38d13e75	gse268881_root_xylem_uncertainty_v1	pooled_summary_record_not_replicate_level
control_comparator_44	prospective_controls_v1_1	figure4_controls_comparators.tsv	sir		gse268881_sir_xylem	vascular	xylem				pooled		paired_difference	complete_minus_single	delta_smd																		0.0434939994239283	-0.0112319139261428	0.108969228645484	conditional_stratified_cell_bootstrap_percentile	2000						conditional_bootstrap_intervals.tsv	e4b2c1029f5ef065609677ff34e26a344310b8f0bced08e5aa82b0bb38d13e75	gse268881_root_xylem_uncertainty_v1	pooled_summary_record_not_replicate_level
control_comparator_45	prospective_controls_v1_1	figure4_controls_comparators.tsv	sir		gse268881_sir_xylem	vascular	xylem				R1	R1	paired_difference	complete_minus_single	delta_auc																		0.00215850302268283	-0.0126488106823516	0.0181798165369748	conditional_stratified_cell_bootstrap_percentile	2000						conditional_bootstrap_intervals.tsv	e4b2c1029f5ef065609677ff34e26a344310b8f0bced08e5aa82b0bb38d13e75	gse268881_root_xylem_uncertainty_v1	
control_comparator_46	prospective_controls_v1_1	figure4_controls_comparators.tsv	sir		gse268881_sir_xylem	vascular	xylem				R1	R1	paired_difference	complete_minus_single	delta_ap																		-0.0384619375320583	-0.0821178626797314	0.00851623623497716	conditional_stratified_cell_bootstrap_percentile	2000						conditional_bootstrap_intervals.tsv	e4b2c1029f5ef065609677ff34e26a344310b8f0bced08e5aa82b0bb38d13e75	gse268881_root_xylem_uncertainty_v1	
control_comparator_47	prospective_controls_v1_1	figure4_controls_comparators.tsv	sir		gse268881_sir_xylem	vascular	xylem				R1	R1	paired_difference	complete_minus_single	delta_smd																		0.0418203678537805	-0.0392670770833816	0.132861193749316	conditional_stratified_cell_bootstrap_percentile	2000						conditional_bootstrap_intervals.tsv	e4b2c1029f5ef065609677ff34e26a344310b8f0bced08e5aa82b0bb38d13e75	gse268881_root_xylem_uncertainty_v1	
control_comparator_48	prospective_controls_v1_1	figure4_controls_comparators.tsv	sir		gse268881_sir_xylem	vascular	xylem				R2	R2	paired_difference	complete_minus_single	delta_auc																		-0.0137848576810603	-0.0223366300047358	-0.00430089258599341	conditional_stratified_cell_bootstrap_percentile	2000						conditional_bootstrap_intervals.tsv	e4b2c1029f5ef065609677ff34e26a344310b8f0bced08e5aa82b0bb38d13e75	gse268881_root_xylem_uncertainty_v1	
control_comparator_49	prospective_controls_v1_1	figure4_controls_comparators.tsv	sir		gse268881_sir_xylem	vascular	xylem				R2	R2	paired_difference	complete_minus_single	delta_ap																		-0.0399257635767707	-0.0727260932348078	-0.00910511862571473	conditional_stratified_cell_bootstrap_percentile	2000						conditional_bootstrap_intervals.tsv	e4b2c1029f5ef065609677ff34e26a344310b8f0bced08e5aa82b0bb38d13e75	gse268881_root_xylem_uncertainty_v1	
control_comparator_50	prospective_controls_v1_1	figure4_controls_comparators.tsv	sir		gse268881_sir_xylem	vascular	xylem				R2	R2	paired_difference	complete_minus_single	delta_smd																		0.0349222624903467	-0.0504103432172319	0.13821065206829	conditional_stratified_cell_bootstrap_percentile	2000						conditional_bootstrap_intervals.tsv	e4b2c1029f5ef065609677ff34e26a344310b8f0bced08e5aa82b0bb38d13e75	gse268881_root_xylem_uncertainty_v1	
populus_phloem_method_01	first_independent_validation_v1	populus_phloem_frozen_result.tsv	Populus trichocarpa	PRJCA014789	populus_phloem_v1	vascular	phloem_lineage	primary	negative_nonreplication	eligible	pooled		method	mapped_member_program		17	580	3000	0.3207597701149425			0.11707265602368463			-0.6031846929660819			0.9740518962075848											0.5107165229885058	0.5588897413793101		The frozen Populus phloem endpoint did not replicate; cell-level metrics are descriptive and do not support causal function or paralog substitution.	validation_summary.tsv;method_comparison.tsv	ddac536cf6ba98493c359a4c6b7cded037dcdd428b877e255e07eb6a623a5e97;1a731e264414201e2fe6825f7e318d7159f11dc123615694ebc8412eeb120707	independent_program_validation_v1	
populus_phloem_method_02	first_independent_validation_v1	populus_phloem_frozen_result.tsv	Populus trichocarpa	PRJCA014789	populus_phloem_v1	vascular	phloem_lineage	primary	negative_nonreplication	eligible	pooled		method	target_species_single_gene		3	580	3000	0.4036729885057472			0.1489381907392933			-0.44714350571509237														0.5107165229885058	0.5588897413793101		The frozen Populus phloem endpoint did not replicate; cell-level metrics are descriptive and do not support causal function or paralog substitution.	validation_summary.tsv;method_comparison.tsv	ddac536cf6ba98493c359a4c6b7cded037dcdd428b877e255e07eb6a623a5e97;1a731e264414201e2fe6825f7e318d7159f11dc123615694ebc8412eeb120707	independent_program_validation_v1	
populus_phloem_method_03	first_independent_validation_v1	populus_phloem_frozen_result.tsv	Populus trichocarpa	PRJCA014789	populus_phloem_v1	vascular	phloem_lineage	primary	negative_nonreplication	eligible	pooled		method	strict_single_copy_across_supporting_species		0	580	3000																					0.5107165229885058	0.5588897413793101		The frozen Populus phloem endpoint did not replicate; cell-level metrics are descriptive and do not support causal function or paralog substitution.	validation_summary.tsv;method_comparison.tsv	ddac536cf6ba98493c359a4c6b7cded037dcdd428b877e255e07eb6a623a5e97;1a731e264414201e2fe6825f7e318d7159f11dc123615694ebc8412eeb120707	independent_program_validation_v1	strict_single_copy_program_empty_zero_eligible_orthogroups_metrics_not_computable
