dataset_id	standardized_object_filename	object_size_bytes	direct_source_object_sha256	checksum_scope
Arabidopsis thaliana_EMTAB11006	Arabidopsis thaliana_EMTAB11006.h5ad	23374442	6b5d9196378db58bc6bcc528e6444faba996cd0625b8531d468a1641d4a29554	standardized_h5ad_object
Arabidopsis thaliana_PRJCA016521_Root	Arabidopsis thaliana_PRJCA016521_Root.h5ad	626222871	43e80e4ef69cdbe6efb7d39b7d3750dd747a7b71e8e32198ec7ec51ad1c65ddc	standardized_h5ad_object
Arabidopsis thaliana_PRJCA016521_Shoot	Arabidopsis thaliana_PRJCA016521_Shoot.h5ad	261590044	d8584636666d2f7a424d910f27f11d354cc12e4e73e80220e14abfe3c0316553	standardized_h5ad_object
Arabidopsis thaliana_PRJCA021408_Root	Arabidopsis thaliana_PRJCA021408_Root.h5ad	103182892	9e881cb7b6d0b8ef9433e2d5b706b41f7c70d76f372f9b282ab0906bcc60ee73	standardized_h5ad_object
Arabidopsis thaliana_PRJCA021408_Shoot	Arabidopsis thaliana_PRJCA021408_Shoot.h5ad	287900385	dea9349e01e503240690d9ce8a32ca1fe3af1cb9404a12de72d7484da90e89ab	standardized_h5ad_object
Arabidopsis thaliana_PRJDB14071	Arabidopsis thaliana_PRJDB14071.h5ad	73713057	bf6e487beef064348a76c926f50b49fd78d3863ffd2ea87e90b10b5ac72d7d38	standardized_h5ad_object
Arabidopsis thaliana_PRJEB61052	Arabidopsis thaliana_PRJEB61052.h5ad	1412012811	49904967f6322cbb9ec6d549d6849a046311568cf5f51b20dee2bbe37bc73f22	standardized_h5ad_object
Arabidopsis thaliana_PRJNA471914	Arabidopsis thaliana_PRJNA471914.h5ad	110164303	1c5ba3bd216502b907dc43e3d843218d41fbf504f9f09a041df374461577e2fc	standardized_h5ad_object
Arabidopsis thaliana_PRJNA497883	Arabidopsis thaliana_PRJNA497883.h5ad	251041014	8d3649488085a62071c2d302ddafc15cd0657dd85b9a81ac6ed679af003998c5	standardized_h5ad_object
Arabidopsis thaliana_PRJNA506007	Arabidopsis thaliana_PRJNA506007.h5ad	426526678	f42b760819dbad199a3a689133af2672b39b692c104a5ad7758db25e53ab401d	standardized_h5ad_object
Arabidopsis thaliana_PRJNA507252	Arabidopsis thaliana_PRJNA507252.h5ad	301246820	824d672183db7f75559e6774f0220be0d1ebe0c0bf7fe5efa0736162ec44969f	standardized_h5ad_object
Arabidopsis thaliana_PRJNA509920	Arabidopsis thaliana_PRJNA509920.h5ad	111900696	b89ef953c0dfe6898c39340e183961800ef5402699ff5f9daeffa856fc270cfd	standardized_h5ad_object
Arabidopsis thaliana_PRJNA517021	Arabidopsis thaliana_PRJNA517021.h5ad	43628466	f03ec7f193f957d95e1ef18bd71eb7cb0c23e8d56eb0d141c606f6fd6a320121	standardized_h5ad_object
Arabidopsis thaliana_PRJNA577177	Arabidopsis thaliana_PRJNA577177.h5ad	209314991	cfa7eb9a1873a97d81f033e63c72b50626598e7e8c0a8ea6a480220798d94b02	standardized_h5ad_object
Arabidopsis thaliana_PRJNA594539	Arabidopsis thaliana_PRJNA594539.h5ad	316617452	a01a40896bf89c9d2290e92b44e692f3c3e05713d19b046649c45ef126dbd90f	standardized_h5ad_object
Arabidopsis thaliana_PRJNA613684	Arabidopsis thaliana_PRJNA613684.h5ad	156082073	30f574644623b6871ee201781519e00e6e5679cacd11282f0084af75e052bb2e	standardized_h5ad_object
Arabidopsis thaliana_PRJNA640389	Arabidopsis thaliana_PRJNA640389.h5ad	8179201665	a27dfe8d0825c0fd2c779026f53c462cb3bc1c0b06951fb1dc79982a5b3250b6	standardized_h5ad_object
Arabidopsis thaliana_PRJNA649267	Arabidopsis thaliana_PRJNA649267.h5ad	86354164	438d554e51de7bded1cd1a919c2bfeac403b09e8a2dbd58ac3cb44f089fe9f2c	standardized_h5ad_object
Arabidopsis thaliana_PRJNA666436	Arabidopsis thaliana_PRJNA666436.h5ad	118038016	c7790abfc7ece302019e291e093a6d4aa30ae22bde3a102dc5f027ce98f7347c	standardized_h5ad_object
Arabidopsis thaliana_PRJNA678377	Arabidopsis thaliana_PRJNA678377.h5ad	72215532	cdf5482105bdd83bb73a54300fc320a6cb9e9f4e2dc7750fd18fdbd7991bded4	standardized_h5ad_object
Arabidopsis thaliana_PRJNA703045	Arabidopsis thaliana_PRJNA703045.h5ad	86547673	6ebaa7a1573c8abdc84483da55746b66615709fe56181ff4357bd1165008306d	standardized_h5ad_object
Arabidopsis thaliana_PRJNA742744	Arabidopsis thaliana_PRJNA742744.h5ad	68924725	f2b331f7215b7f622067c5fea5a9b25fc5e34871aba06b642f99979d6938f802	standardized_h5ad_object
Arabidopsis thaliana_PRJNA745175	Arabidopsis thaliana_PRJNA745175.h5ad	28167531	c095d2ef038113e183b06927821fd66971d33e40ddc214aa709370b027f91b51	standardized_h5ad_object
Arabidopsis thaliana_PRJNA750934	Arabidopsis thaliana_PRJNA750934.h5ad	273330580	16b4cd7721fa9b75eaa27b54d5eec75cda3bd186de24e20d5c8dd884b2866506	standardized_h5ad_object
Arabidopsis thaliana_PRJNA764868	Arabidopsis thaliana_PRJNA764868.h5ad	1227250440	3e688dff25e53d68fc59f717a6f38f2c7d838e6f090fe7d030ca526b10547fb1	standardized_h5ad_object
Arabidopsis thaliana_PRJNA814870	Arabidopsis thaliana_PRJNA814870.h5ad	2617543423	0d261fb1ea2fad42e05fbaa514df89065f7e736dcda4704fca152376099ca618	standardized_h5ad_object
Arabidopsis thaliana_PRJNA857332	Arabidopsis thaliana_PRJNA857332.h5ad	389742467	bbf2af7207aa6edf938bd7eb9ddf0669a553fd7180e201890109ed4c6d5c6fec	standardized_h5ad_object
Arabidopsis thaliana_PRJNA881949	Arabidopsis thaliana_PRJNA881949.h5ad	261647104	984563714e634ce00be1bf5cd2032dd64cc63f63a0a2782ac3ef0a6bb30fb747	standardized_h5ad_object
Arabidopsis thaliana_PRJNA941845	Arabidopsis thaliana_PRJNA941845.h5ad	1532582220	e813764a1dd6f52c38d56e572bc87d1c2d635b06155c928062677b13d2b6f360	standardized_h5ad_object
Arabidopsis thaliana_PRJNA995336	Arabidopsis thaliana_PRJNA995336.h5ad	739645573	65b46655967e92bdf5418305d1c2cd3693cdbd17167f2ad22a74c70bf42affa8	standardized_h5ad_object
Brassica rapa_PRJCA009630	Brassica rapa_PRJCA009630.h5ad	349302816	c7edfb3b4a326c08289f0d82bdc67f71f4bf1c2eb4da752c37145132d1b73ccc	standardized_h5ad_object
Catharanthus roseus_PRJNA759937	Catharanthus roseus_PRJNA759937.h5ad	568346931	25b889ddea01ef8f973c4b02ac7d06ea42cf899d732bc7bb3d17f413e64a5832	standardized_h5ad_object
Catharanthus roseus_PRJNA847226_Leaf	Catharanthus roseus_PRJNA847226_Leaf.h5ad	57516154	5a9fe08ab58cdffa784f91305c5cb76604ae5584f50e29fd7594787cc770e623	standardized_h5ad_object
Catharanthus roseus_PRJNA847226_Root	Catharanthus roseus_PRJNA847226_Root.h5ad	11377596	9494462a03b973124e122a2f1e86b928f8a20108a9d71a1c8714d2a4805f1ec7	standardized_h5ad_object
Glycine max_GSE234864_Shoot	Glycine max_GSE234864_Shoot.h5ad	81826714	1a84f25ac78725a214ebd7bc1e68e6f2eddb950a1e033888b401db882e66c7a2	standardized_h5ad_object
Glycine max_GSE234864_TrifoliateLeaf	Glycine max_GSE234864_TrifoliateLeaf.h5ad	92723298	0f42c6e36453da589bfb0fe03e1fee85328cb9093b14975cd1f41019f704d542	standardized_h5ad_object
Glycine max_GSE234864_TrueLeaf	Glycine max_GSE234864_TrueLeaf.h5ad	135093239	f4b28c43049d6afc58115b89cf9bccdad90df43fcf0724b38ac9ab853f6f2f64	standardized_h5ad_object
Glycine max_PRJCA009893	Glycine max_PRJCA009893.h5ad	182853586	1ef60cc75ddca7700c56294b8326a3d58cdec45227e0601b1de99d18ed9adde5	standardized_h5ad_object
Glycine max_PRJNA1124403_Nodule	Glycine max_PRJNA1124403_Nodule.h5ad	67051122	9da29e5518837addf42fc55d7c536c8e81397d975d878357d15570abf790c2d5	standardized_h5ad_object
Glycine max_PRJNA1124403_Root	Glycine max_PRJNA1124403_Root.h5ad	296817043	3ca53c521dbdff25e7006498ca4c09a50987ff1e861a6de0467dfb0d752a9467	standardized_h5ad_object
Glycine max_PRJNA1124403_Stem	Glycine max_PRJNA1124403_Stem.h5ad	169851888	eee51d481ad360becd66cf5d4910f9b4a04906e058f4424bc46c8ef80221909c	standardized_h5ad_object
Oryza sativa_PRJNA609092	Oryza sativa_PRJNA609092.h5ad	645381850	56c3156877c9e3d319cb34758ec9b4f2e191936b03aa24b58ce735d25c97cbec	standardized_h5ad_object
Oryza sativa_PRJNA706435	Oryza sativa_PRJNA706435.h5ad	283970158	7aa6fd65c044231876996948711fba4c6dd1f01f0540f008ffb5fddf9a540ebb	standardized_h5ad_object
Sorghum bicolor_PRJNA935359	Sorghum bicolor_PRJNA935359.h5ad	145946493	ff9bb9107fcb740b475972d33787c65e51c2cb216201ddb1751ab48d1ab08965	standardized_h5ad_object
